Downloaded for distribution	Checked by Dana	yes/no	yes/no	yes/no	#	R2RS, R2RN, Polanui, Olowalu	LLHS	initials	initials	initials	RCB	RCB031717	2062	Canoe Beach	03/17/17	12:00										RCB031717	deg C	ppt	mg/L	%								0, 1, 2, 3, 4	0-8	0-5	0, 1, 5, 10, 20+	0, 1, 5, 10, 20+	0, 1, 5, 10, 20+	
		Nut_Sample	Nut_Dup	Sed_Sample	Session	Team	Lab	Sampler	Sampler2	Sampler3	Station	SampleID	Location	SiteName	Date	Time	40D#	2100Q#	pHInst#	DOInst#	SalInst#	Moon	Cloud_1_8	Rain_1_4	Wind_dir	SampleID2	Temp	Salinity	DO	DO%	pH	Turb1	Turb2	Turb 3	Average Turbidity	CV Turbidity		Waves	Wind	Stream	Swimmers	On Beach	Campers	Comments
			Example:		26	R2RS	LLHS	CM	TF	MS	RCB	RCB170821	2020	Canoe Beach	2017-08-21	9:22:00	1	1	4	2	3	1	7	2		RCB170821	27.0	33.1	6.92	104.4	8.18	5.78	5.86	6.03	Calculated	Calculated		1	0		1	20		
yes	yes	yes	no	no	1	Olowalu	LLHS				OCO	OCO160616	2028	Camp Olowalu	2016-06-16	7:45										OCO160616	25.3	29.3	6.86	101.2	7.96	23.30	23.30	23.30	23.30	0.000								
yes	yes	yes	no	no	1	Olowalu	LLHS				OMM	OMM160616	2029	Mile Marker 14	2016-06-16	8:20										OMM160616	25.4	27.7	6.61	97.8	7.91	5.48	5.48	5.48	5.48	0.000								
yes	yes	yes	no	no	1	Olowalu	LLHS				OUB	OUB160616	2032	Ukumehame	2016-06-16	9:17										OUB160616	25.2	28.1	7.00	103.1	8.06	16.87	16.87	16.87	16.87	0.000								
yes	yes	yes	no	no	1	Olowalu	LLHS				OPB	OPB160616	2033	Papalaua Beach	2016-06-16	9:40										OPB160616	25.6	28.0	7.10	105.2	8.08	10.71	10.71	10.71	10.71	0.000								
yes	yes	yes	no	no	1	Olowalu	LLHS				OPP	OPP160616	2034	Papalaua Pali	2016-06-16	10:00										OPP160616	26.0	36.0	7.01	104.6	8.07	5.37	5.37	5.37	5.37	0.000								
yes	yes	yes	no	no	2	Olowalu	LLHS				OCO	OCO160630	2028	Camp Olowalu	2016-06-30	7:33										OCO160630	27.7	30.3	6.43	98.9	8.01	7.40	7.40	7.40	7.40	0.000								
yes	yes	yes	no	no	2	Olowalu	LLHS				OMM	OMM160630	2029	Mile Marker 14	2016-06-30	8:00										OMM160630	27.1	29.1	6.08	92.7	8.01	2.61	2.61	2.61	2.61	0.000								
yes	yes	yes	no	no	2	Olowalu	LLHS				OUB	OUB160630	2032	Ukumehame	2016-06-30	8:31										OUB160630	26.9	29.7	6.81	103.4	8.05	10.60	10.60	10.60	10.60	0.000								
yes	yes	yes	no	no	2	Olowalu	LLHS				OPB	OPB160630	2033	Papalaua Beach	2016-06-30	8:50										OPB160630	27.4	29.3	6.88	105.2	8.10	3.37	3.37	3.37	3.37	0.000								
yes	yes	yes	no	no	2	Olowalu	LLHS				OPP	OPP160630	2034	Papalaua Pali	2016-06-30	9:15										OPP160630	27.7	29.5	6.70	103.1	8.07	4.54	4.54	4.54	4.54	0.000								
yes	yes	yes	no	no	3	Olowalu	LLHS				OPM	OPM160714	2073	Martin Hale	2016-07-14	7:38										OPM160714	27.0	36.9	5.55	85.7	7.99	1.07	1.07	1.07	1.07	0.000								
yes	yes	yes	no	no	3	Olowalu	LLHS				OCO	OCO160714	2028	Camp Olowalu	2016-07-14	8:12										OCO160714	28.2	37.4	6.22	98.1	8.02	22.80	22.80	22.80	22.80	0.000								
yes	yes	yes	no	no	3	Olowalu	LLHS				OMM	OMM160714	2029	Mile Marker 14	2016-07-14	8:37										OMM160714	27.6	36.9	5.92	92.1	7.96	4.21	4.21	4.21	4.21	0.000								
yes	yes	yes	no	no	3	Olowalu	LLHS				OUB	OUB160714	2032	Ukumehame	2016-07-14	9:00										OUB160714	27.8	37.2	6.65	103.9	8.09	4.15	4.15	4.15	4.15	0.000								
yes	yes	yes	no	no	3	Olowalu	LLHS				OPB	OPB160714	2033	Papalaua Beach	2016-07-14	9:25										OPB160714	28.1	37.8	6.74	106.3	8.12	3.96	3.96	3.96	3.96	0.000								
yes	yes	yes	no	no	3	Olowalu	LLHS				OPP	OPP160714	2034	Papalaua Pali	2016-07-14	9:48										OPP160714	28.4	37.5	6.69	106.7	8.05	2.41	2.41	2.41	2.41	0.000								
yes	yes	yes	no	no	4	Olowalu	LLHS				OPM	OPM160728	2073	Martin Hale	2016-07-28	7:25										OPM160728	26.3	35.3	5.77	86.9	8.03	0.93	0.93	0.93	0.93	0.000								
yes	yes	yes	no	no	4	Olowalu	LLHS				OCO	OCO160728	2028	Camp Olowalu	2016-07-28	7:55										OCO160728	26.6	35.5	6.47	98.1	8.05	12.43	12.43	12.43	12.43	0.000								
yes	yes	yes	no	no	4	Olowalu	LLHS				OMM	OMM160728	2029	Mile Marker 14	2016-07-28	8:15										OMM160728	26.8	35.4	5.83	88.6	7.99	3.18	3.18	3.18	3.18	0.000								
yes	yes	yes	no	no	4	Olowalu	LLHS				OUB	OUB160728	2032	Ukumehame	2016-07-28	8:40										OUB160728	27.0	35.6	6.81	104.0	8.11	7.46	7.46	7.46	7.46	0.000								
yes	yes	yes	no	no	4	Olowalu	LLHS				OPB	OPB160728	2033	Papalaua Beach	2016-07-28	9:10										OPB160728	26.2	35.6	6.99	105.2	8.13	3.74	3.74	3.74	3.74	0.000								
yes	yes	yes	no	no	4	Olowalu	LLHS				OPP	OPP160728	2034	Papalaua Pali	2016-07-28	9:30										OPP160728	26.8	35.3	6.86	104.2	8.11	1.66	1.66	1.66	1.66	0.000								
yes	yes	yes	no	no	5	Olowalu	LLHS				OPM	OPM160811	2073	Martin Hale	2016-08-11	7:35										OPM160811	26.6	35.2	5.41	81.9	7.96	1.65	1.65	1.65	1.65	0.000								
yes	yes	yes	no	no	5	Olowalu	LLHS				OCO	OCO160811	2028	Camp Olowalu	2016-08-11	8:00										OCO160811	27.2	35.6	6.18	94.7	8.06	3.28	3.28	3.28	3.28	0.000								
yes	yes	yes	no	no	5	Olowalu	LLHS				OMM	OMM160811	2029	Mile Marker 14	2016-08-11	8:30										OMM160811	26.6	35.4	6.12	92.7	8.04	5.87	5.87	5.87	5.87	0.000								
yes	yes	yes	no	no	5	Olowalu	LLHS				OUB	OUB160811	2032	Ukumehame	2016-08-11	8:50										OUB160811	27.2	35.5	6.66	102.0	8.08	10.63	10.63	10.63	10.63	0.000								
yes	yes	yes	no	no	5	Olowalu	LLHS				OPB	OPB160811	2033	Papalaua Beach	2016-08-11	9:15										OPB160811	27.4	35.7	6.89	106.0	8.14	3.81	3.81	3.81	3.81	0.000								
yes	yes	yes	no	no	5	Olowalu	LLHS				OPP	OPP160811	2034	Papalaua Pali	2016-08-11	9:40										OPP160811	27.3	35.3	7.17	109.9	8.14	2.33	2.33	2.33	2.33	0.000								
yes	yes	yes	no	no	6	Olowalu	LLHS				OPM	OPM160825	2073	Martin Hale	2016-08-25	7:20										OPM160825	27.3	36.2	5.25	80.9	7.95	1.60	1.60	1.60	1.60	0.000								
yes	yes	yes	no	no	6	Olowalu	LLHS				OCO	OCO160825	2028	Camp Olowalu	2016-08-25	7:45										OCO160825	28.2	36.5	5.49	85.7	7.99	2.68	2.68	2.68	2.68	0.000								
yes	yes	yes	no	no	6	Olowalu	LLHS				OMM	OMM160825	2029	Mile Marker 14	2016-08-25	8:00										OMM160825	27.4	36.0	5.60	86.2	7.94	3.63	3.63	3.63	3.63	0.000								
yes	yes	yes	no	no	6	Olowalu	LLHS				OUB	OUB160825	2032	Ukumehame	2016-08-25	8:10										OUB160825	27.8	36.2	6.30	97.6	7.99	15.23	15.23	15.23	15.23	0.000								
yes	yes	yes	no	no	6	Olowalu	LLHS				OPB	OPB160825	2033	Papalaua Beach	2016-08-25	8:25										OPB160825	27.7	35.9	6.60	102.1	8.03	5.75	5.75	5.75	5.75	0.000								
yes	yes	yes	no	no	6	Olowalu	LLHS				OPP	OPP160825	2034	Papalaua Pali	2016-08-25	8:35										OPP160825	27.9	36.0	6.57	101.9	8.05	2.97	2.97	2.97	2.97	0.000								
yes	yes	yes	no	no	7	Olowalu	LLHS				OPM	OPM160908	2073	Martin Hale	2016-09-08	7:10										OPM160908	26.7	36.1	6.03	91.9	8.15	3.03	3.03	3.03	3.03	0.000								
yes	yes	yes	no	no	7	Olowalu	LLHS				OCO	OCO160908	2028	Camp Olowalu	2016-09-08	7:35										OCO160908	25.8	36.0	6.53	98.0	8.12	34.60	34.60	34.60	34.60	0.000								
yes	yes	yes	no	no	7	Olowalu	LLHS				OMM	OMM160908	2029	Mile Marker 14	2016-09-08	8:00										OMM160908	26.6	35.9	6.31	96.0	8.09	9.39	9.39	9.39	9.39	0.000								
yes	yes	yes	no	no	7	Olowalu	LLHS				OPB	OPB160908	2033	Papalaua Beach	2016-09-08	8:28										OPB160908	26.2	35.9	6.65	100.4	8.18	7.54	7.54	7.54	7.54	0.000								
yes	yes	yes	no	no	8	Olowalu	LLHS				OPM	OPM160922	2073	Martin Hale	2016-09-22	7:15										OPM160922	27.1	36.6	6.26	96.5	7.93	11.13	11.13	11.13	11.13	0.000								
yes	yes	yes	no	no	8	Olowalu	LLHS				OCO	OCO160922	2028	Camp Olowalu	2016-09-22	7:52										OCO160922	26.6	36.7	6.44	98.6	7.86	26.07	26.07	26.07	26.07	0.000								
yes	yes	yes	no	no	8	Olowalu	LLHS				OMM	OMM160922	2029	Mile Marker 14	2016-09-22	8:21										OMM160922	27.0	36.1	6.40	98.0	7.93	13.80	13.80	13.80	13.80	0.000								
yes	yes	yes	no	no	8	Olowalu	LLHS				OUB	OUB160922	2032	Ukumehame	2016-09-22	8:50										OUB160922	27.7	37.1	6.43	100.3	8.03	14.63	14.63	14.63	14.63	0.000								
yes	yes	yes	no	no	8	Olowalu	LLHS				OPB	OPB160922	2033	Papalaua Beach	2016-09-22	9:07										OPB160922	27.5	36.1	6.58	101.8	8.09	14.40	14.40	14.40	14.40	0.000								
yes	yes	yes	no	no	8	Olowalu	LLHS				OPP	OPP160922	2034	Papalaua Pali	2016-09-22	9:25										OPP160922	27.6	36.1	6.50	100.6	8.03	13.03	13.03	13.03	13.03	0.000								
yes	yes	yes	no	no	9	Olowalu	LLHS				OPM	OPM161006	2073	Martin Hale	2016-10-06	7:30										OPM161006	26.7	34.9	5.94	89.9	8.00	7.28	7.28	7.28	7.28	0.000								
yes	yes	yes	no	no	9	Olowalu	LLHS				OCO	OCO161006	2028	Camp Olowalu	2016-10-06	7:55										OCO161006	26.8	34.9	6.23	94.5	8.06	9.11	9.11	9.11	9.11	0.000								
yes	yes	yes	no	no	9	Olowalu	LLHS				OMM	OMM161006	2029	Mile Marker 14	2016-10-06	8:15										OMM161006	26.7	35.0	6.08	92.1	8.02	6.72	6.72	6.72	6.72	0.000								
yes	yes	yes	no	no	9	Olowalu	LLHS				OUB	OUB161006	2032	Ukumehame	2016-10-06	8:35										OUB161006	27.2	34.8	6.41	97.7	8.09	13.27	13.27	13.27	13.27	0.000								
yes	yes	yes	no	no	9	Olowalu	LLHS				OPB	OPB161006	2033	Papalaua Beach	2016-10-06	9:02										OPB161006	27.7	35.0	6.59	101.3	8.11	7.30	7.30	7.30	7.30	0.000								
yes	yes	yes	no	no	9	Olowalu	LLHS				OPP	OPP161006	2034	Papalaua Pali	2016-10-06	9:22										OPP161006	28.1	34.9	6.47	100.2	8.10	4.07	4.07	4.07	4.07	0.000								
yes	yes	yes	no	no	10	Olowalu	LLHS				OPM	OPM161020	2073	Martin Hale	2016-10-20	7:05										OPM161020	25.7	36.6	6.01	90.4	7.93	8.81	8.81	8.81	8.81	0.000								
yes	yes	yes	no	no	10	Olowalu	LLHS				OCO	OCO161020	2028	Camp Olowalu	2016-10-20	7:40										OCO161020	25.7	36.6	5.95	89.7	8.01	2.54	2.54	2.54	2.54	0.000								
yes	yes	yes	no	no	10	Olowalu	LLHS				OMM	OMM161020	2029	Mile Marker 14	2016-10-20	8:00										OMM161020	25.4	36.6	5.86	87.8	8.01	5.47	5.47	5.47	5.47	0.000								
yes	yes	yes	no	no	10	Olowalu	LLHS				OUB	OUB161020	2032	Ukumehame	2016-10-20	8:23										OUB161020	24.8	36.3	6.47	96.0	8.08	14.97	14.97	14.97	14.97	0.000								
yes	yes	yes	no	no	10	Olowalu	LLHS				OPB	OPB161020	2033	Papalaua Beach	2016-10-20	8:57										OPB161020	25.7	37.0	6.59	99.4	8.07	9.50	9.50	9.50	9.50	0.000								
yes	yes	yes	no	no	10	Olowalu	LLHS				OPP	OPP161020	2034	Papalaua Pali	2016-10-20	9:10										OPP161020	26.0	35.9	6.60	98.9	8.09	4.38	4.38	4.38	4.38	0.000								
yes	yes	yes	no	no	11	Olowalu	LLHS				OPM	OPM161103	2073	Martin Hale	2016-11-03	7:15										OPM161103	24.9	34.8	6.07	88.9	8.04	5.68	5.68	5.68	5.68	0.000								
yes	yes	yes	no	no	11	Olowalu	LLHS				OCO	OCO161103	2028	Camp Olowalu	2016-11-03	7:37										OCO161103	25.1	34.9	6.08	89.4	8.11	1.28	1.28	1.28	1.28	0.000								
yes	yes	yes	no	no	11	Olowalu	LLHS				OMM	OMM161103	2029	Mile Marker 14	2016-11-03	8:00										OMM161103	24.9	34.8	6.00	87.9	8.08	3.25	3.25	3.25	3.25	0.000								
yes	yes	yes	no	no	11	Olowalu	LLHS				OUB	OUB161103	2032	Ukumehame	2016-11-03	8:20										OUB161103	25.4	34.9	6.61	97.7	8.15	12.60	12.60	12.60	12.60	0.000								
yes	yes	yes	no	no	11	Olowalu	LLHS				OPB	OPB161103	2033	Papalaua Beach	2016-11-03	8:45										OPB161103	25.4	34.9	6.68	98.8	8.16	3.72	3.72	3.72	3.72	0.000								
yes	yes	yes	no	no	11	Olowalu	LLHS				OPP	OPP161103	2034	Papalaua Pali	2016-11-03	9:02										OPP161103	25.7	34.7	6.87	101.9	8.17	3.56	3.56	3.56	3.56	0.000								
yes	yes	yes	no	no	12	Olowalu	LLHS				OPM	OPM161117	2073	Martin Hale	2016-11-17	7:45										OPM161117	24.7	34.8	5.78	84.4	8.07	5.15	5.15	5.15	5.15	0.000								
yes	yes	yes	no	no	12	Olowalu	LLHS				OCO	OCO161117	2028	Camp Olowalu	2016-11-17	8:05										OCO161117	25.0	34.8	6.02	88.4	8.05	0.69	0.69	0.69	0.69	0.000								
yes	yes	yes	no	no	12	Olowalu	LLHS				OMM	OMM161117	2029	Mile Marker 14	2016-11-17	8:25										OMM161117	24.5	34.4	6.00	87.1	8.04	4.28	4.28	4.28	4.28	0.000								
yes	yes	yes	no	no	12	Olowalu	LLHS				OUB	OUB161117	2032	Ukumehame	2016-11-17	8:50										OUB161117	24.7	34.6	6.58	96.2	8.05	2.92	2.92	2.92	2.92	0.000								
yes	yes	yes	no	no	12	Olowalu	LLHS				OPB	OPB161117	2033	Papalaua Beach	2016-11-17	9:15										OPB161117	25.8	34.7	6.82	101.6	8.11	2.97	2.97	2.97	2.97	0.000								
yes	yes	yes	no	no	12	Olowalu	LLHS				OPP	OPP161117	2034	Papalaua Pali	2016-11-17	9:25										OPP161117	25.7	34.6	6.56	97.4	8.06	2.33	2.33	2.33	2.33	0.000								
yes	yes	yes	no	no	13	Olowalu	LLHS				OPM	OPM161201	2073	Martin Hale	2016-12-01	7:15										OPM161201	22.9	34.9	6.65	94.2	8.02	9.65	9.65	9.65	9.65	0.000								
yes	yes	yes	no	no	13	Olowalu	LLHS				OCO	OCO161201	2028	Camp Olowalu	2016-12-01	7:40										OCO161201	23.5	34.7	6.53	93.5	8.06	3.67	3.67	3.67	3.67	0.000								
yes	yes	yes	no	no	13	Olowalu	LLHS				OMM	OMM161201	2029	Mile Marker 14	2016-12-01	8:00										OMM161201	23.4	34.6	6.12	87.4	8.07	4.52	4.52	4.52	4.52	0.000								
yes	yes	yes	no	no	13	Olowalu	LLHS				OUB	OUB161201	2032	Ukumehame	2016-12-01	8:20										OUB161201	23.3	34.7	6.80	96.9	8.13	7.42	7.42	7.42	7.42	0.000								
yes	yes	yes	no	no	13	Olowalu	LLHS				OPB	OPB161201	2033	Papalaua Beach	2016-12-01	8:40										OPB161201	23.7	34.7	6.79	97.5	8.12	8.65	8.65	8.65	8.65	0.000								
yes	yes	yes	no	no	13	Olowalu	LLHS				OPP	OPP161201	2034	Papalaua Pali	2016-12-01	9:05										OPP161201	24.2	34.7	6.71	97.0	8.11	5.37	5.37	5.37	5.37	0.000								
yes	yes	yes	no	no	14	Olowalu	LLHS				OPM	OPM161215	2073	Martin Hale	2016-12-15	8:05										OPM161215	23.4	33.8	6.46	92.2	7.82	6.87	6.87	6.87	6.87	0.000								
yes	yes	yes	no	no	14	Olowalu	LLHS				OCO	OCO161215	2028	Camp Olowalu	2016-12-15	8:25										OCO161215	24.8	34.4	6.08	89.2	7.85	1.52	1.52	1.52	1.52	0.000								
yes	yes	yes	no	no	14	Olowalu	LLHS				OMM	OMM161215	2029	Mile Marker 14	2016-12-15	8:45										OMM161215	25.1	34.3	5.96	87.9	7.97	1.75	1.75	1.75	1.75	0.000								
yes	yes	yes	no	no	14	Olowalu	LLHS				OUB	OUB161215	2032	Ukumehame	2016-12-15	9:05										OUB161215	25.0	34.8	6.65	98.2	7.89	3.15	3.15	3.15	3.15	0.000								
yes	yes	yes	no	no	14	Olowalu	LLHS				OPB	OPB161215	2033	Papalaua Beach	2016-12-15	9:18										OPB161215	25.1	35.0	6.94	102.7	8.07	4.05	4.05	4.05	4.05	0.000								
yes	yes	yes	no	no	14	Olowalu	LLHS				OPP	OPP161215	2034	Papalaua Pali	2016-12-15	9:30										OPP161215	25.3	34.9	6.77	100.5	7.97	5.17	5.17	5.17	5.17	0.000								
yes	yes	yes	no	no	15	Olowalu	LLHS				OPM	OPM170105	2073	Martin Hale	2017-01-05	7:00										OPM170105	22.8	34.8	6.34	93.5	#N/A	4.83	4.83	4.83	4.83	0.000								
yes	yes	yes	no	no	15	Olowalu	LLHS				OCO	OCO170105	2028	Camp Olowalu	2017-01-05	7:15										OCO170105	23.3	34.9	6.63	94.5	#N/A	7.99	7.99	7.99	7.99	0.000								
yes	yes	yes	no	no	15	Olowalu	LLHS				OMM	OMM170105	2029	Mile Marker 14	2017-01-05	7:30										OMM170105	23.6	35.2	6.16	88.6	#N/A	5.83	5.83	5.83	5.83	0.000								
yes	yes	yes	no	no	15	Olowalu	LLHS				OUB	OUB170105	2032	Ukumehame	2017-01-05	7:40										OUB170105	22.9	35.4	6.96	98.9	#N/A	12.23	12.23	12.23	12.23	0.000								
yes	yes	yes	no	no	15	Olowalu	LLHS				OPB	OPB170105	2033	Papalaua Beach	2017-01-05	8:00										OPB170105	23.7	35.4	6.79	97.8	#N/A	10.10	10.10	10.10	10.10	0.000								
yes	yes	yes	no	no	15	Olowalu	LLHS				OPP	OPP170105	2034	Papalaua Pali	2017-01-05	8:15										OPP170105	24.3	35.3	8.12	96.7	#N/A	8.69	8.69	8.69	8.69	0.000								
yes	yes	yes	no	no	16	Olowalu	LLHS				OPM	OPM170126	2073	Martin Hale	2017-01-26	7:20										OPM170126	22.5	35.0	6.16	86.5	7.90	3.60	3.60	3.60	3.60	0.000								
yes	yes	yes	no	no	16	Olowalu	LLHS				OCO	OCO170126	2028	Camp Olowalu	2017-01-26	7:50										OCO170126	22.6	35.1	6.56	92.3	8.02	2.44	2.44	2.44	2.44	0.000								
yes	yes	yes	no	no	16	Olowalu	LLHS				OMM	OMM170126	2029	Mile Marker 14	2017-01-26	8:12										OMM170126	22.6	35.0	6.27	88.2	8.05	2.85	2.85	2.85	2.85	0.000								
yes	yes	yes	no	no	16	Olowalu	LLHS				OUB	OUB170126	2032	Ukumehame	2017-01-26	8:35										OUB170126	23.5	35.3	6.85	98.0	8.06	6.62	6.62	6.62	6.62	0.000								
yes	yes	yes	no	no	16	Olowalu	LLHS				OPB	OPB170126	2033	Papalaua Beach	2017-01-26	8:55										OPB170126	23.2	35.4	6.97	99.3	8.07	4.54	4.54	4.54	4.54	0.000								
yes	yes	yes	no	no	16	Olowalu	LLHS				OPP	OPP170126	2034	Papalaua Pali	2017-01-26	9:10										OPP170126	23.5	35.2	7.02	100.3	8.08	3.88	3.88	3.88	3.88	0.000								
yes	yes	yes	no	no	17	Olowalu	LLHS				OPM	OPM170217	2073	Martin Hale	2017-02-17	7:12										OPM170217	24.8	35.1	5.90	86.3	8.02	2.94	2.94	2.94	2.94	0.000								
yes	yes	yes	no	no	17	Olowalu	LLHS				OCO	OCO170217	2028	Camp Olowalu	2017-02-17	7:40										OCO170217	25.6	35.1	6.18	91.6	8.08	2.63	2.63	2.63	2.63	0.000								
yes	yes	yes	no	no	17	Olowalu	LLHS				OMM	OMM170217	2029	Mile Marker 14	2017-02-17	8:00										OMM170217	25.6	35.1	5.63	83.3	8.05	2.14	2.14	2.14	2.14	0.000								
yes	yes	yes	no	no	17	Olowalu	LLHS				OUB	OUB170217	2032	Ukumehame	2017-02-17	8:25										OUB170217	25.3	35.2	6.46	95.3	8.11	2.77	2.77	2.77	2.77	0.000								
yes	yes	yes	no	no	17	Olowalu	LLHS				OPB	OPB170217	2033	Papalaua Beach	2017-02-17	8:50										OPB170217	25.6	35.3	6.83	101.5	8.13	14.17	14.17	14.17	14.17	0.000								
yes	yes	yes	no	no	17	Olowalu	LLHS				OPP	OPP170217	2034	Papalaua Pali	2017-02-17	9:14										OPP170217	25.5	35.1	6.73	99.6	8.15	3.70	3.70	3.70	3.70	0.000								
yes	yes	yes	no	no	18	Olowalu	LLHS				OPM	OPM170309	2073	Martin Hale	2017-03-09	7:30										OPM170309	24.5	34.3	5.97	86.5	8.05	2.23	2.23	2.23	2.23	0.000								
yes	yes	yes	no	no	18	Olowalu	LLHS				OCO	OCO170309	2028	Camp Olowalu	2017-03-09	7:50										OCO170309	25.4	34.5	6.26	92.1	8.09	4.60	4.60	4.60	4.60	0.000								
yes	yes	yes	no	no	18	Olowalu	LLHS				OMM	OMM170309	2029	Mile Marker 14	2017-03-09	8:05										OMM170309	25.4	34.4	5.83	85.8	8.06	2.38	2.38	2.38	2.38	0.000								
yes	yes	yes	no	no	18	Olowalu	LLHS				OUB	OUB170309	2032	Ukumehame	2017-03-09	8:15										OUB170309	24.7	34.5	6.76	98.6	8.11	15.43	15.43	15.43	15.43	0.000								
yes	yes	yes	no	no	18	Olowalu	LLHS				OPB	OPB170309	2033	Papalaua Beach	2017-03-09	8:30										OPB170309	25.2	34.9	6.91	101.2	8.15	9.09	9.09	9.09	9.09	0.000								
yes	yes	yes	no	no	18	Olowalu	LLHS				OPP	OPP170309	2034	Papalaua Pali	2017-03-09	8:45										OPP170309	25.4	34.5	6.78	100.5	8.14	6.89	6.89	6.89	6.89	0.000								
yes	yes	yes	no	no	19	Olowalu	LLHS				OPM	OPM170330	2073	Martin Hale	2017-03-30	7:20										OPM170330	25.0	34.0	6.00	87.7	8.02	5.60	5.60	5.60	5.60	0.000								
yes	yes	yes	no	no	19	Olowalu	LLHS				OCO	OCO170330	2028	Camp Olowalu	2017-03-30	7:42										OCO170330	26.0	34.5	6.41	95.3	8.08	7.74	7.74	7.74	7.74	0.000								
yes	yes	yes	no	no	19	Olowalu	LLHS				OMM	OMM170330	2029	Mile Marker 14	2017-03-30	8:05										OMM170330	25.9	34.2	6.27	92.9	8.03	6.34	6.34	6.34	6.34	0.000								
yes	yes	yes	no	no	19	Olowalu	LLHS				OUB	OUB170330	2032	Ukumehame	2017-03-30	8:30										OUB170330	25.7	34.3	6.73	99.6	8.11	7.85	7.85	7.85	7.85	0.000								
yes	yes	yes	no	no	19	Olowalu	LLHS				OPB	OPB170330	2033	Papalaua Beach	2017-03-30	9:00										OPB170330	26.2	34.3	6.92	103.2	8.14	5.91	5.91	5.91	5.91	0.000								
yes	yes	yes	no	no	19	Olowalu	LLHS				OPP	OPP170330	2034	Papalaua Pali	2017-03-30	9:20										OPP170330	26.5	34.4	6.79	101.9	8.13	3.96	3.96	3.96	3.96	0.000								
yes	yes	yes	no	no	20	Olowalu	LLHS				OPM	OPM170420	2073	Martin Hale	2017-04-20	7:15										OPM170420	25.7	33.9	5.82	86.1	8.04	1.61	1.61	1.61	1.61	0.000								
yes	yes	yes	no	no	20	Olowalu	LLHS				OCO	OCO170420	2028	Camp Olowalu	2017-04-20	7:30										OCO170420	27.1	34.3	6.16	93.6	8.09	13.33	13.33	13.33	13.33	0.000								
yes	yes	yes	no	no	20	Olowalu	LLHS				OMM	OMM170420	2029	Mile Marker 14	2017-04-20	7:50										OMM170420	26.3	33.9	6.19	92.5	8.02	12.60	12.60	12.60	12.60	0.000								
yes	yes	yes	no	no	20	Olowalu	LLHS				OUB	OUB170420	2032	Ukumehame	2017-04-20	8:05										OUB170420	25.9	34.3	6.54	97.3	8.10	7.00	7.00	7.00	7.00	0.000								
yes	yes	yes	no	no	20	Olowalu	LLHS				OPB	OPB170420	2033	Papalaua Beach	2017-04-20	8:20										OPB170420	26.0	34.2	6.60	98.1	8.09	4.08	4.08	4.08	4.08	0.000								
yes	yes	yes	no	no	20	Olowalu	LLHS				OPP	OPP170420	2034	Papalaua Pali	2017-04-20	8:40										OPP170420	26.7	34.6	6.50	98.2	8.11	5.31	5.31	5.31	5.31	0.000								
yes	yes	yes	no	no	21	Olowalu	LLHS				OPM	OPM170511	2073	Martin Hale	2017-05-11	7:21										OPM170511	24.6	34.2	6.07	88.2	8.06	2.44	2.44	2.44	2.44	0.000								
yes	yes	yes	no	no	21	Olowalu	LLHS				OCO	OCO170511	2028	Camp Olowalu	2017-05-11	7:44										OCO170511	25.1	34.3	6.46	94.8	8.11	1.85	1.85	1.85	1.85	0.000								
yes	yes	yes	no	no	21	Olowalu	LLHS				OMM	OMM170511	2029	Mile Marker 14	2017-05-11	8:05										OMM170511	24.9	33.9	6.47	94.7	8.10	2.22	2.22	2.22	2.22	0.000								
yes	yes	yes	no	no	21	Olowalu	LLHS				OUB	OUB170511	2032	Ukumehame	2017-05-11	8:24										OUB170511	25.2	34.6	6.88	101.5	8.16	5.36	5.36	5.36	5.36	0.000								
yes	yes	yes	no	no	21	Olowalu	LLHS				OPB	OPB170511	2033	Papalaua Beach	2017-05-11	8:42										OPB170511	25.3	34.3	7.21	106.3	8.20	5.85	5.85	5.85	5.85	0.000								
yes	yes	yes	no	no	21	Olowalu	LLHS				OPP	OPP170511	2034	Papalaua Pali	2017-05-11	9:06										OPP170511	25.1	34.4	6.98	102.7	8.20	3.51	3.51	3.51	3.51	0.000								
yes	yes	yes	no	no	22	Olowalu	LLHS				OPM	OPM170601	2073	Martin Hale	2017-06-01	7:20										OPM170601	25.0	34.5	5.80	85.1	8.00	1.87	1.87	1.87	1.87	0.000								
yes	yes	yes	no	no	22	Olowalu	LLHS				OCO	OCO170601	2028	Camp Olowalu	2017-06-01	7:45										OCO170601	25.8	34.6	6.45	96.1	8.09	5.85	5.85	5.85	5.85	0.000								
yes	yes	yes	no	no	22	Olowalu	LLHS				OMM	OMM170601	2029	Mile Marker 14	2017-06-01	8:05										OMM170601	26.0	34.7	5.87	87.7	8.06	4.07	4.07	4.07	4.07	0.000								
yes	yes	yes	no	no	22	Olowalu	LLHS				OUB	OUB170601	2032	Ukumehame	2017-06-01	8:30										OUB170601	25.8	34.9	6.84	101.8	8.09	7.14	7.14	7.14	7.14	0.000								
yes	yes	yes	no	no	22	Olowalu	LLHS				OPB	OPB170601	2033	Papalaua Beach	2017-06-01	8:50										OPB170601	25.9	34.8	7.01	104.5	8.15	4.42	4.42	4.42	4.42	0.000								
yes	yes	yes	no	no	22	Olowalu	LLHS				OPP	OPP170601	2034	Papalaua Pali	2017-06-01	9:10										OPP170601	25.8	34.7	6.96	103.6	8.16	2.82	2.82	2.82	2.82	0.000								
yes	yes	yes	no	no	23	Olowalu	LLHS				OPM	OPM170622	2073	Martin Hale	2017-06-22	7:20										OPM170622	26.1	34.6	5.82	87.3	8.40	1.43	1.43	1.43	1.43	0.000								
yes	yes	yes	no	no	23	Olowalu	LLHS				OCO	OCO170622	2028	Camp Olowalu	2017-06-22	7:45										OCO170622	26.0	34.3	6.38	95.5	8.20	15.00	15.00	15.00	15.00	0.000								
yes	yes	yes	no	no	23	Olowalu	LLHS				OMM	OMM170622	2029	Mile Marker 14	2017-06-22	8:10										OMM170622	25.7	33.9	6.20	92.1	8.01	5.01	5.01	5.01	5.01	0.000								
yes	yes	yes	no	no	23	Olowalu	LLHS				OUB	OUB170622	2032	Ukumehame	2017-06-22	8:30										OUB170622	26.4	34.6	6.54	98.7	8.12	4.13	4.13	4.13	4.13	0.000								
yes	yes	yes	no	no	23	Olowalu	LLHS				OPB	OPB170622	2033	Papalaua Beach	2017-06-22	8:50										OPB170622	26.1	34.6	6.88	103.2	8.16	2.93	2.93	2.93	2.93	0.000								
yes	yes	yes	no	no	23	Olowalu	LLHS				OPP	OPP170622	2034	Papalaua Pali	2017-06-22	9:10										OPP170622	26.1	34.7	6.75	101.4	8.13	3.83	3.83	3.83	3.83	0.000								
yes	yes	yes	no	no	24	Olowalu	LLHS				OPM	OPM170713	2073	Martin Hale	2017-07-13	7:18										OPM170713	26.6	34.6	5.22	78.8	8.00	1.50	1.50	1.50	1.50	0.000								
yes	yes	yes	no	no	24	Olowalu	LLHS				OCO	OCO170713	2028	Camp Olowalu	2017-07-13	7:39										OCO170713	26.9	34.5	6.13	93.1	8.08	2.53	2.53	2.53	2.53	0.000								
yes	yes	yes	no	no	24	Olowalu	LLHS				OMM	OMM170713	2029	Mile Marker 14	2017-07-13	7:55										OMM170713	26.9	34.4	5.77	87.6	8.04	3.77	3.77	3.77	3.77	0.000								
yes	yes	yes	no	no	24	Olowalu	LLHS				OUB	OUB170713	2032	Ukumehame	2017-07-13	8:14										OUB170713	27.1	34.4	6.19	94.3	8.09	2.38	2.38	2.38	2.38	0.000								
yes	yes	yes	no	no	24	Olowalu	LLHS				OPB	OPB170713	2033	Papalaua Beach	2017-07-13	8:31										OPB170713	27.3	34.5	6.91	105.5	8.12	5.88	5.88	5.88	5.88	0.000								
yes	yes	yes	no	no	24	Olowalu	LLHS				OPP	OPP170713	2034	Papalaua Pali	2017-07-13	8:48										OPP170713	26.7	34.2	6.63	100.2	8.13	2.26	2.26	2.26	2.26	0.000								
yes	yes	yes	no	no	25	Olowalu	LLHS				OPM	OPM170803	2073	Martin Hale	2017-08-03	7:07										OPM170803	27.0	34.8	5.22	79.3	7.94	2.29	2.29	2.29	2.29	0.000								
yes	yes	yes	no	no	25	Olowalu	LLHS				OCO	OCO170803	2028	Camp Olowalu	2017-08-03	7:38										OCO170803	27.8	34.4	6.22	95.7	8.04	6.29	6.29	6.29	6.29	0.000								
yes	yes	yes	no	no	25	Olowalu	LLHS				OMM	OMM170803	2029	Mile Marker 14	2017-08-03	7:58										OMM170803	27.8	34.4	5.56	85.6	8.01	3.56	3.56	3.56	3.56	0.000								
yes	yes	yes	no	no	25	Olowalu	LLHS				OUB	OUB170803	2032	Ukumehame	2017-08-03	8:18										OUB170803	28.1	34.5	6.40	99.1	8.09	6.97	6.97	6.97	6.97	0.000								
yes	yes	yes	no	no	25	Olowalu	LLHS				OPB	OPB170803	2033	Papalaua Beach	2017-08-03	8:40										OPB170803	28.0	34.7	6.79	105.0	8.12	7.58	7.58	7.58	7.58	0.000								
yes	yes	yes	no	no	25	Olowalu	LLHS				OPP	OPP170803	2034	Papalaua Pali	2017-08-03	8:57										OPP170803	28.1	34.2	6.47	99.9	8.10	2.05	2.05	2.05	2.05	0.000								
yes	yes	yes	no	no	26	Olowalu	LLHS				OPM	OPM170824	2073	Martin Hale	2017-08-24	7:11										OPM170824	25.3	35.2	5.95	88.4	8.03	12.23	12.23	12.23	12.23	0.000								
yes	yes	yes	no	no	26	Olowalu	LLHS				OCO	OCO170824	2028	Camp Olowalu	2017-08-24	7:50										OCO170824	25.8	35.3	6.49	97.2	8.07	3.53	3.53	3.53	3.53	0.000								
yes	yes	yes	no	no	26	Olowalu	LLHS				OMM	OMM170824	2029	Mile Marker 14	2017-08-24	8:11										OMM170824	25.9	35.2	6.05	90.7	8.04	4.13	4.13	4.13	4.13	0.000								
yes	yes	yes	no	no	26	Olowalu	LLHS				OUB	OUB170824	2032	Ukumehame	2017-08-24	8:33										OUB170824	25.2	35.3	6.33	93.9	8.11	7.12	7.12	7.12	7.12	0.000								
yes	yes	yes	no	no	26	Olowalu	LLHS				OPB	OPB170824	2033	Papalaua Beach	2017-08-24	8:55										OPB170824	25.8	35.2	6.78	101.5	8.13	8.85	8.85	8.85	8.85	0.000								
yes	yes	yes	no	no	26	Olowalu	LLHS				OPP	OPP170824	2034	Papalaua Pali	2017-08-24	9:15										OPP170824	26.1	35.0	6.58	98.8	8.11	1.59	1.59	1.59	1.59	0.000								
yes	yes	yes	no	no	27	Olowalu	LLHS				OPM	OPM170914	2073	Martin Hale	2017-09-14	7:15										OPM170914	27.6	34.7	5.16	79.4	7.97	1.30	1.30	1.30	1.30	0.000								
yes	yes	yes	no	no	27	Olowalu	LLHS				OCO	OCO170914	2028	Camp Olowalu	2017-09-14	7:37										OCO170914	28.5	34.7	6.13	95.7	8.02	4.60	4.60	4.60	4.60	0.000								
yes	yes	yes	no	no	27	Olowalu	LLHS				OMM	OMM170914	2029	Mile Marker 14	2017-09-14	7:52										OMM170914	28.5	34.8	5.63	88.0	7.98	3.94	3.94	3.94	3.94	0.000								
yes	yes	yes	no	no	27	Olowalu	LLHS				OUB	OUB170914	2032	Ukumehame	2017-09-14	8:07										OUB170914	28.3	34.9	6.35	98.9	8.08	8.39	8.39	8.39	8.39	0.000								
yes	yes	yes	no	no	27	Olowalu	LLHS				OPB	OPB170914	2033	Papalaua Beach	2017-09-14	8:25										OPB170914	28.4	35.0	6.61	103.2	8.09	4.90	4.90	4.90	4.90	0.000								
yes	yes	yes	no	no	27	Olowalu	LLHS				OPP	OPP170914	2034	Papalaua Pali	2017-09-14	8:40										OPP170914	28.5	34.3	6.58	102.6	8.07	2.70	2.70	2.70	2.70	0.000								
yes	yes	yes	no	no	28	Olowalu	LLHS	RN	MG	LO	OPM	OPM171005	2073	Martin Hale	2017-10-05	7:10	1	1	4	2	3	15	1		trades	OPM171005	26.0	34.7	5.80	87.0	8.10	3.05	2.57	2.60	2.74	0.098		0	4		0	0	0	
yes	yes	yes	no	no	28	Olowalu	LLHS	RN	MG	LO	OCO	OCO171005	2028	Camp Olowalu	2017-10-05	7:35	1	1	4	2	3	15	1		trades	OCO171005	26.0	34.6	6.19	92.6	8.07	6.71	6.81	7.00	6.84	0.022		1	4		0	5	0	
yes	yes	yes	no	no	28	Olowalu	LLHS	RN	MG	LO	OMM	OMM171005	2029	Mile Marker 14	2017-10-05	7:52	1	1	4	2	3	15	1		trades	OMM171005	25.7	34.5	5.99	89.1	8.02	7.95	7.79	7.83	7.86	0.011		1	2		0	0	0	sample location possibly off by 50'
yes	yes	yes	no	no	28	Olowalu	LLHS	RN	MG	LO	OUB	OUB171005	2032	Ukumehame	2017-10-05	8:13	1	1	4	2	3	15	1		trades	OUB171005	25.7	34.6	6.61	98.4	8.12	10.50	10.60	10.10	10.40	0.025		2	2		0	0	0	
yes	yes	yes	no	no	28	Olowalu	LLHS	RN	MG	LO	OPB	OPB171005	2033	Papalaua Beach	2017-10-05	8:25	1	1	4	2	3	15	1		trades	OPB171005	25.9	34.6	6.85	102.2	8.15	7.56	8.04	8.11	7.90	0.038		2	2		0	0	0	
yes	yes	yes	no	no	28	Olowalu	LLHS	RN	MG	LO	OPP	OPP171005	2034	Papalaua Pali	2017-10-05	8:38	1	1	4	2	3	15	1		trades	OPP171005	26.3	34.2	6.71	100.6	8.13	3.64	3.48	3.13	3.42	0.076		2	3		0	1	0	
yes	yes	yes	no	no	29	Olowalu	LLHS	GB	RN		OPM	OPM171026	2073	Martin Hale	2017-10-26	7:01	2	3	3	1	2	6	7		trades	OPM171026	26.0	34.7	5.78	86.6	7.96	6.06	6.52	6.32	6.30	0.037		1	1		0	0	0	heavy rain 3-4 days ago
yes	yes	yes	no	no	29	Olowalu	LLHS	GB	RN		OCO	OCO171026	2028	Camp Olowalu	2017-10-26	7:31	2	3	3	1	2	6	7		trades	OCO171026	26.7	34.5	6.25	94.7	8.01	4.72	4.81	4.73	4.75	0.010		1	0		0	12	0	heavy rain 3-4 days ago
yes	yes	yes	no	no	29	Olowalu	LLHS	GB	RN		OMM	OMM171026	2029	Mile Marker 14	2017-10-26	7:51	2	3	3	1	2	6	7		trades	OMM171026	26.8	34.5	5.45	82.7	7.96	5.43	5.34	4.99	5.25	0.044		2	0		0	0	0	heavy rain 3-4 days ago
yes	yes	yes	no	no	29	Olowalu	LLHS	GB	RN		OUB	OUB171026	2032	Ukumehame	2017-10-26	8:14	2	3	3	1	2	6	7		trades	OUB171026	26.8	34.8	6.37	96.9	8.06	10.50	9.99	10.80	10.43	0.039		1	1		0	0	0	heavy rain 3-4 days ago
yes	yes	yes	no	no	29	Olowalu	LLHS	GB	RN		OPB	OPB171026	2033	Papalaua Beach	2017-10-26	8:40	2	3	3	1	2	6	7		trades	OPB171026	26.9	34.7	6.47	98.5	8.05	20.00	21.60	21.50	21.03	0.043		2	1		0	0	0	heavy rain 3-4 days ago
yes	yes	yes	no	no	29	Olowalu	LLHS	GB	RN		OPP	OPP171026	2034	Papalaua Pali	2017-10-26	9:05	2	3	3	1	2	6	7		trades	OPP171026	27.0	34.8	6.67	101.8	8.07	4.89	4.96	5.10	4.98	0.021		2	1		0	0	3	heavy rain 3-4 days ago
yes	yes	yes	no	no	30	Olowalu	LLHS	GB	MG	RN	OPM	OPM171116	2073	Martin Hale	2017-11-16	7:11	1	1	4	2	3	28	2	1	trades	OPM171116	23.8	34.8	5.99	86.6	8.10	3.64	3.22	3.61	3.49	0.067		0	3		0	0	0	spilled all KCL at OPM
yes	yes	yes	no	no	30	Olowalu	LLHS	GB	MG	RN	OCO	OCO171116	2028	Camp Olowalu	2017-11-16	7:35	1	1	4	2	3	28	2	1	trades	OCO171116	23.8	35.1	6.33	91.5	8.12	2.15	2.24	2.28	2.22	0.030		0	3		0	0	0	
yes	yes	yes	no	no	30	Olowalu	LLHS	GB	MG	RN	OMM	OMM171116	2029	Mile Marker 14	2017-11-16	7:50	1	1	4	2	3	28	2	1	trades	OMM171116	24.0	35.0	5.83	84.5	8.07	3.02	2.29	2.52	2.61	0.143		1	3		0	0	0	resolved OMM exact location issue
yes	yes	yes	no	no	30	Olowalu	LLHS	GB	MG	RN	OUB	OUB171116	2032	Ukumehame	2017-11-16	8:10	1	1	4	2	3	28	2	1	trades	OUB171116	23.5	35.0	6.73	96.9	8.15	5.61	5.61	5.71	5.64	0.010		2	4		0	0	0	
yes	yes	yes	no	no	30	Olowalu	LLHS	GB	MG	RN	OPB	OPB171116	2033	Papalaua Beach	2017-11-16	8:27	1	1	4	2	3	28	2	1	trades	OPB171116	24.2	34.9	7.03	102.2	8.17	5.63	5.55	5.81	5.66	0.024		2	3		0	0	2	
yes	yes	yes	no	no	30	Olowalu	LLHS	GB	MG	RN	OPP	OPP171116	2034	Papalaua Pali	2017-11-16	8:45	1	1	4	2	3	28	2	1	trades	OPP171116	25.0	34.7	6.75	99.4	8.14	1.53	1.52	1.86	1.64	0.118		2	2		0	0	2	
yes	yes	yes	no	no	31	Olowalu	LLHS	GB	LO	RN	OPM	OPM171207	2073	Martin Hale	2017-12-07	7:08	2	3	3	1	2	20	1	0	trades	OPM171207	23.3	34.8	6.27	89.5	8.09	6.48	6.56	6.95	6.66	0.038		1	1		0	0	0	
yes	yes	yes	no	no	31	Olowalu	LLHS	GB	LO	RN	OCO	OCO171207	2028	Camp Olowalu	2017-12-07	7:30	2	3	3	1	2	20	1	0	trades	OCO171207	23.7	34.9	6.38	91.6	8.13	3.59	3.59	3.52	3.57	0.011		1	0		0	5	0	
yes	yes	yes	no	no	31	Olowalu	LLHS	GB	LO	RN	OMM	OMM171207	2029	Mile Marker 14	2017-12-07	7:47	2	3	3	1	2	20	1	0	trades	OMM171207	24.2	35.0	6.07	87.9	8.11	3.25	3.39	3.32	3.32	0.021		1	0		0	12	1	
yes	yes	yes	no	no	31	Olowalu	LLHS	GB	LO	RN	OUB	OUB171207	2032	Ukumehame	2017-12-07	8:04	2	3	3	1	2	20	1	0	trades	OUB171207	24.6	34.9	6.55	95.5	8.14	5.75	5.63	5.97	5.78	0.030		3	0		0	0	0	
yes	yes	yes	no	no	31	Olowalu	LLHS	GB	LO	RN	OPB	OPB171207	2033	Papalaua Beach	2017-12-07	8:20	2	3	3	1	2	20	1	0	trades	OPB171207	24.6	35.0	6.67	97.2	8.18	4.39	4.58	4.15	4.37	0.049		3	0		0	8	0	
yes	yes	yes	no	no	31	Olowalu	LLHS	GB	LO	RN	OPP	OPP171207	2034	Papalaua Pali	2017-12-07	8:33	2	3	3	1	2	20	1	0	trades	OPP171207	24.3	34.8	6.80	98.8	8.18	2.02	2.12	1.99	2.04	0.033		3	0		0	2	0	
yes	yes	yes	no	no	32	Olowalu	LLHS	DR	LO		OPM	OPM171221	2073	Martin Hale	2017-12-21	8:21	1	1	4	2	3	4	6	4	varied direction	OPM171221	23.5	34.7	6.46	92.8	8.03	9.07	10.40	10.40	9.96	0.077		0	1		0	0	0	
yes	yes	yes	no	no	32	Olowalu	LLHS	DR	LO		OCO	OCO171221	2028	Camp Olowalu	2017-12-21	8:45	1	1	4	2	3	4	6	4	varied direction	OCO171221	24.1	34.8	5.91	85.9	8.02	2.35	2.23	2.65	2.41	0.090		0	1		0	0	0	
yes	yes	yes	no	no	32	Olowalu	LLHS	DR	LO		OMM	OMM171221	2029	Mile Marker 14	2017-12-21	9:04	1	1	4	2	3	4	6	4	varied direction	OMM171221	24.2	34.6	5.87	85.4	8.00	4.36	4.27	4.38	4.34	0.014		0	0		5	3	0	
yes	yes	yes	no	no	32	Olowalu	LLHS	DR	LO		OUB	OUB171221	2032	Ukumehame	2017-12-21	9:24	1	1	4	2	3	4	6	4	varied direction	OUB171221	24.2	34.6	6.63	96.5	8.11	3.66	3.56	3.52	3.58	0.020		1	2	4	0	0	2	OUB stream flowing brown
yes	yes	yes	no	no	32	Olowalu	LLHS	DR	LO		OPB	OPB171221	2033	Papalaua Beach	2017-12-21	9:43	1	1	4	2	3	4	6	4	varied direction	OPB171221	24.7	34.6	6.63	97.4	8.09	50.00	50.40	49.10	49.83	0.013		1	1		0	0	0	OPB porta potty maybe leaking
yes	yes	yes	no	no	32	Olowalu	LLHS	DR	LO		OPP	OPP171221	2034	Papalaua Pali	2017-12-21	9:58	1	1	4	2	3	4	6	4	varied direction	OPP171221	25.0	35.1	6.24	92.3	8.11	13.30	13.10	13.20	13.20	0.008		2	0	4	0	2	1	OPP stream brown
yes	yes	yes	no	no	33	Olowalu	LLHS	MG	LO	RN	OPM	OPM180111	2073	Martin Hale	2018-01-11	7:14	2	3	3	1	2	25	1	0	trades	OPM180111	23.1	34.3	5.88	83.4	8.06	2.66	2.53	2.48	2.56	0.036		0	0		0	0	0	
yes	yes	yes	no	no	33	Olowalu	LLHS	MG	LO	RN	OCO	OCO180111	2028	Camp Olowalu	2018-01-11	7:34	2	3	3	1	2	25	1	0	trades	OCO180111	24.1	34.6	6.47	93.4	8.10	1.10	0.90	0.83	0.94	0.149		0	1		9	1	0	
yes	yes	yes	no	no	33	Olowalu	LLHS	MG	LO	RN	OMM	OMM180111	2029	Mile Marker 14	2018-01-11	7:46	2	3	3	1	2	25	1	0	trades	OMM180111	23.9	34.4	6.29	90.3	8.09	1.14	1.09	1.20	1.14	0.048		0	1		0	4	1	
yes	yes	yes	no	no	33	Olowalu	LLHS	MG	LO	RN	OUB	OUB180111	2032	Ukumehame	2018-01-11	8:00	2	3	3	1	2	25	1	0	trades	OUB180111	24.2	34.6	6.65	96.0	8.14	2.09	2.16	2.10	2.12	0.018		1	1		0	1	0	
yes	yes	yes	no	no	33	Olowalu	LLHS	MG	LO	RN	OPB	OPB180111	2033	Papalaua Beach	2018-01-11	8:12	2	3	3	1	2	25	1	0	trades	OPB180111	24.2	34.8	6.85	99.3	8.14	4.19	5.02	3.85	4.35	0.138		1	0		0	0	0	
yes	yes	yes	no	no	33	Olowalu	LLHS	MG	LO	RN	OPP	OPP180111	2034	Papalaua Pali	2018-01-11	8:30	2	3	3	1	2	25	1	0	trades	OPP180111	24.4	34.6	6.82	99.0	8.13	1.53	1.67	1.70	1.63	0.056		1	0		0	2	0	
yes	yes	yes	no	no	34	Olowalu	LLHS	GB	LO	RN	OPM	OPM180201	2073	Martin Hale	2018-02-01	7:07	1	1	4	2	3	16	5	0	kona	OPM180201	24.2	34.9	6.27	91.6	8.08	20.80	21.20	22.70	21.57	0.046		1	1		0	0	0	
yes	yes	yes	no	no	34	Olowalu	LLHS	GB	LO	RN	OCO	OCO180201	2028	Camp Olowalu	2018-02-01	7:27	1	1	4	2	3	16	5	0	kona	OCO180201	25.2	34.2	6.44	95.4	8.08	2.96	2.92	3.25	3.04	0.059		1	1		18	11	0	
yes	yes	yes	no	no	34	Olowalu	LLHS	GB	LO	RN	OMM	OMM180201	2029	Mile Marker 14	2018-02-01	7:44	1	1	4	2	3	16	5	0	kona	OMM180201	25.1	34.5	6.26	92.5	8.07	4.57	4.34	4.23	4.38	0.040		1	1		0	3	3	
yes	yes	yes	no	no	34	Olowalu	LLHS	GB	LO	RN	OUB	OUB180201	2032	Ukumehame	2018-02-01	7:58	1	1	4	2	3	16	5	0	kona	OUB180201	24.6	34.7	6.54	95.9	8.12	5.91	6.20	5.72	5.94	0.041		1	2		0	0	0	
yes	yes	yes	no	no	34	Olowalu	LLHS	GB	LO	RN	OPB	OPB180201	2033	Papalaua Beach	2018-02-01	8:12	1	1	4	2	3	16	5	0	kona	OPB180201	25.0	34.8	6.59	97.5	8.10	7.42	8.99	7.38	7.93	0.116		2	2		0	0	0	
yes	yes	yes	no	no	34	Olowalu	LLHS	GB	LO	RN	OPP	OPP180201	2034	Papalaua Pali	2018-02-01	8:28	1	1	4	2	3	16	5	0	kona	OPP180201	24.9	34.7	6.53	96.4	8.14	2.65	2.47	2.96	2.69	0.092		2	1		0	2	2	
yes	yes	yes	no	no	35	Olowalu	LLHS	DR	LO	RN	OPM	OPM180222	2073	Martin Hale	2018-02-22	7:15	2	3	3	2	2	7	8	0	trades	OPM180222	24.0	34.0	5.85	84.2	8.02	6.68	6.73	6.92	6.78	0.019		0	0	0	0	0	0	Started sprinkling at last site.
yes	yes	yes	no	no	35	Olowalu	LLHS	DR	LO	RN	OCO	OCO180222	2028	Camp Olowalu	2018-02-22	7:45	2	3	3	2	2	7	8	0	trades	OCO180222	24.7	34.5	6.19	90.2	8.07	3.13	3.06	3.14	3.11	0.014		1	0	0	26	6	0	
yes	yes	yes	no	no	35	Olowalu	LLHS	DR	LO	RN	OMM	OMM180222	2029	Mile Marker 14	2018-02-22	8:02	2	3	3	2	2	7	8	0	trades	OMM180222	24.6	34.4	5.90	85.7	8.03	3.28	3.19	3.31	3.26	0.019		1	0	0	0	4	8	
yes	yes	yes	no	no	35	Olowalu	LLHS	DR	LO	RN	OUB	OUB180222	2032	Ukumehame	2018-02-22	8:20	2	3	3	2	2	7	8	0	trades	OUB180222	24.4	34.6	6.61	96.0	8.10	3.87	4.09	3.97	3.98	0.028		1	0	0	0	0	0	
yes	yes	yes	no	no	35	Olowalu	LLHS	DR	LO	RN	OPB	OPB180222	2033	Papalaua Beach	2018-02-22	8:36	2	3	3	2	2	7	8	0	trades	OPB180222	24.6	34.7	6.82	99.3	8.10	10.70	10.20	10.20	10.37	0.028		2	0	0	0	0	0	
yes	yes	yes	no	no	35	Olowalu	LLHS	DR	LO	RN	OPP	OPP180222	2034	Papalaua Pali	2018-02-22	8:52	2	3	3	2	2	7	8	0	trades	OPP180222	24.6	34.7	6.51	94.9	8.11	3.96	4.73	4.38	4.36	0.088		2	0	0	0	3	1	
yes	yes	yes	no	no	36	Olowalu	LLHS	LO	RN	LR	OPM	OPM180315	2073	Martin Hale	2018-03-15	7:15	2	1	3	2	2	28	0	0	light kona	OPM180315	23.9	34.1	6.19	88.9	8.05	4.21	4.23	4.32	4.25	0.014		1	0		0	0	0	
yes	yes	yes	no	no	36	Olowalu	LLHS	LO	RN	LR	OCO	OCO180315	2028	Camp Olowalu	2018-03-15	7:31	2	1	3	2	2	28	0	0	light kona	OCO180315	24.3	34.3	6.52	94.4	8.08	8.06	8.88	8.75	8.56	0.051		2	0		2	5	0	
yes	yes	yes	no	no	36	Olowalu	LLHS	LO	RN	LR	OMM	OMM180315	2029	Mile Marker 14	2018-03-15	7:45	2	1	3	2	2	28	0	0	light kona	OMM180315	24.3	34.2	6.34	91.8	8.01	8.42	8.47	9.20	8.70	0.050		1	0		0	3	0	
yes	yes	yes	no	no	36	Olowalu	LLHS	LO	RN	LR	OUB	OUB180315	2032	Ukumehame	2018-03-15	8:00	2	1	3	2	2	28	0	0	light kona	OUB180315	24.3	34.4	6.83	99.0	8.08	9.15	8.53	8.27	8.65	0.052		2	0		0	1	0	
yes	yes	yes	no	no	36	Olowalu	LLHS	LO	RN	LR	OPB	OPB180315	2033	Papalaua Beach	2018-03-15	8:14	2	1	3	2	2	28	0	0	light kona	OPB180315	24.8	34.6	6.93	101.3	8.13	6.58	7.80	7.31	7.23	0.085		2	0		0	0	0	
yes	yes	yes	no	no	36	Olowalu	LLHS	LO	RN	LR	OPP	OPP180315	2034	Papalaua Pali	2018-03-15	8:30	2	1	3	2	2	28	0	0	light kona	OPP180315	24.9	34.6	6.87	100.6	8.07	7.64	6.67	7.22	7.18	0.068		2	0		0	0	3	
yes	yes	yes	no	no	37	Olowalu	LLHS	LO	RN	DR	OPM	OPM180405	2073	Martin Hale	2018-04-05	7:10	1	3	4	1	3	20	7	2	Kona	OPM180405	25.1	34.4	6.14	90.5	8.11	3.25	3.93	4.04	3.74	0.114		0	1		0	0	0	Rain overnight. 
yes	yes	yes	no	no	37	Olowalu	LLHS	LO	RN	DR	OCO	OCO180405	2028	Camp Olowalu	2018-04-05	7:30	1	3	4	1	3	20	7	2	Kona	OCO180405	26.6	34.2	6.22	94.0	8.06	4.96	5.11	5.95	5.34	0.100		1	1		0	3	0	
yes	yes	yes	no	no	37	Olowalu	LLHS	LO	RN	DR	OMM	OMM180405	2029	Mile Marker 14	2018-04-05	7:42	1	3	4	1	3	20	7	2	Kona	OMM180405	26.4	33.7	5.52	82.7	8.03	2.50	2.67	2.38	2.52	0.058		1	2		0	3	1	
yes	yes	yes	no	no	37	Olowalu	LLHS	LO	RN	DR	OUB	OUB180405	2032	Ukumehame	2018-04-05	7:59	1	3	4	1	3	20	7	2	Kona	OUB180405	25.2	34.2	6.70	98.8	8.13	9.30	10.70	9.98	9.99	0.070		2	3	2	0	0	0	Ukumehame stream flowing
yes	yes	yes	no	no	37	Olowalu	LLHS	LO	RN	DR	OPB	OPB180405	2033	Papalaua Beach	2018-04-05	8:15	1	3	4	1	3	20	7	2	Kona	OPB180405	25.3	34.1	6.74	99.6	8.10	22.40	23.70	22.30	22.80	0.034		2	1		0	0	0	
yes	yes	yes	no	no	37	Olowalu	LLHS	LO	RN	DR	OPP	OPP180405	2034	Papalaua Pali	2018-04-05	8:30	1	3	4	1	3	20	7	2	Kona	OPP180405	25.7	34.3	6.50	96.8	8.08	18.90	20.00	19.60	19.50	0.029		2	1		0	0	2	Slight drizzle as we sampled.
yes	yes	yes	no	no	38	Olowalu	LLHS	MG	RN	LR	OPM	OPM180426	2073	Martin Hale	2018-04-26	7:10	2	1	3	2	2	11	2	0		OPM180426	24.7	34.0	5.84	85.0	8.08	1.22	1.47	1.49	1.39	0.108		0	0		0	0	0	No rain in last 24 hours
yes	yes	yes	no	no	38	Olowalu	LLHS	MG	RN	LR	OCO	OCO180426	2028	Camp Olowalu	2018-04-26	7:30	2	1	3	2	2	11	2	0		OCO180426	24.6	33.8	6.52	94.6	8.10	2.50	2.74	2.95	2.73	0.082		0	1		6	4	0	No rain in last 24 hours
yes	yes	yes	no	no	38	Olowalu	LLHS	MG	RN	LR	OMM	OMM180426	2029	Mile Marker 14	2018-04-26	7:47	2	1	3	2	2	11	2	0		OMM180426	24.4	33.9	6.08	88.0	8.08	1.59	1.55	1.58	1.57	0.013		0	1		0	1	2	No rain in last 24 hours
yes	yes	yes	no	no	38	Olowalu	LLHS	MG	RN	LR	OUB	OUB180426	2032	Ukumehame	2018-04-26	8:03	2	1	3	2	2	11	2	0		OUB180426	24.6	34.2	6.83	99.2	8.12	4.97	4.87	5.31	5.05	0.046		2	1		7	3	2	No rain in last 24 hours
yes	yes	yes	no	no	38	Olowalu	LLHS	MG	RN	LR	OPB	OPB180426	2033	Papalaua Beach	2018-04-26	8:20	2	1	3	2	2	11	5	0		OPB180426	24.9	34.1	6.95	101.7	8.15	3.51	3.03	3.27	3.27	0.073		2	1		0	0	0	No rain in last 24 hours, wind became light onshore
yes	yes	yes	no	no	38	Olowalu	LLHS	MG	RN	LR	OPP	OPP180426	2034	Papalaua Pali	2018-04-26	8:40	2	1	3	2	2	11	5	0		OPP180426	24.7	33.9	7.00	102.4	8.17	1.93	2.22	2.37	2.17	0.103		2	0		2	0	4	No rain in last 24 hours, wind became light onshore
yes	yes	yes	no	no	39	Olowalu	LLHS	RN	DR		OPM	OPM180517	2073	Martin Hale	2018-05-17	7:16	1	3	4	1	3	4	8	0	Still	OPM180517	25.7	34.3	5.70	84.6	8.06	1.81	1.99	1.88	1.89	0.048		0	0		0	0	0	VOG and haze
yes	yes	yes	no	no	39	Olowalu	LLHS	RN	DR		OCO	OCO180517	2028	Camp Olowalu	2018-05-17	7:41	1	3	4	1	3	4	8	0	Still	OCO180517	26.7	34.2	6.25	94.5	8.08	3.79	3.98	3.73	3.83	0.034		0	0		1	2	0	VOG and haze, 1 fisherman north of sampling
yes	yes	yes	no	no	39	Olowalu	LLHS	RN	DR		OMM	OMM180517	2029	Mile Marker 14	2018-05-17	8:01	1	3	4	1	3	4	8	0	Still	OMM180517	27.2	34.2	5.89	89.7	8.03	2.24	2.21	2.36	2.27	0.035		0	0		0	2	1	VOG and haze
yes	yes	yes	no	no	39	Olowalu	LLHS	RN	DR		OUB	OUB180517	2032	Ukumehame	2018-05-17	8:26	1	3	4	1	3	4	8	0	Still	OUB180517	26.9	34.4	6.61	100.3	8.12	5.54	5.52	5.98	5.68	0.046		0	0		8	2	0	VOG and haze
yes	yes	yes	no	no	39	Olowalu	LLHS	RN	DR		OPB	OPB180517	2033	Papalaua Beach	2018-05-17	8:44	1	3	4	1	3	4	6	0	Still	OPB180517	27.5	34.5	6.96	106.2	8.20	3.42	3.49	3.28	3.40	0.031		0	0		0	0	0	VOG and haze
yes	yes	yes	no	no	39	Olowalu	LLHS	RN	DR		OPP	OPP180517	2034	Papalaua Pali	2018-05-17	9:04	1	3	4	1	3	4	6	0	Still	OPP180517	27.1	34.5	6.78	103.3	8.15	3.65	3.67	3.31	3.54	0.057		1	1		1	0	2	VOG and haze
yes	yes	yes	no	no	40	Olowalu	LLHS	RN	DR	MG	OPM	OPM180607	2073	Martin Hale	2018-06-07	7:12	2	1	3	2	2	24	3	0	Trades	OPM180607	24.5	34.1	5.38	78.2	8.02	0.90	0.99	0.92	0.94	0.050		0	1		0	0	0	Peter Martin engaged in conversation about WQ. Wanted to know how cesspools affect WQ.
yes	yes	yes	no	no	40	Olowalu	LLHS	RN	DR	MG	OCO	OCO180607	2028	Camp Olowalu	2018-06-07	7:46	2	1	3	2	2	24	3	0	Trades	OCO180607	25.3	34.1	6.33	93.1	8.08	2.73	2.90	3.44	3.02	0.123		0	1		6	0	0	
yes	yes	yes	no	no	40	Olowalu	LLHS	RN	DR	MG	OMM	OMM180607	2029	Mile Marker 14	2018-06-07	7:57	2	1	3	2	2	24	3	0	Trades	OMM180607	25.3	34.1	5.70	83.9	8.03	1.99	2.11	2.26	2.12	0.064		0	0		0	2	5	
yes	yes	yes	no	no	40	Olowalu	LLHS	RN	DR	MG	OUB	OUB180607	2032	Ukumehame	2018-06-07	8:13	2	1	3	2	2	24	3	0	Trades	OUB180607	25.0	34.4	6.61	96.9	8.09	8.00	7.86	8.33	8.06	0.030		0	3		1	0	0	
yes	yes	yes	no	no	40	Olowalu	LLHS	RN	DR	MG	OPB	OPB180607	2033	Papalaua Beach	2018-06-07	8:26	2	1	3	2	2	24	3	0	Trades	OPB180607	24.9	34.4	6.89	101.0	8.13	2.74	2.99	3.18	2.97	0.074		1	0		0	0	0	
yes	yes	yes	no	no	40	Olowalu	LLHS	RN	DR	MG	OPP	OPP180607	2034	Papalaua Pali	2018-06-07	8:40	2	1	3	2	2	24	3	0	Trades	OPP180607	25.2	34.3	6.84	100.6	8.13	1.68	1.86	1.83	1.79	0.054		2	1		0	4	4	
yes	yes	yes	no	no	41	Olowalu	LLHS	RN	LR		OPM	OPM180628	2073	Martin Hale	2018-06-28	7:25	1	3	4	1	3	15	3	0	Kona	OPM180628	25.8	34.3	6.00	89.4	8.09	1.60	1.54	1.43	1.52	0.057		0	0		0	0	0	Team noted that temp on DO probe 0.2 C higher than salinity probe.  This is within tolerance.
yes	yes	yes	no	no	41	Olowalu	LLHS	RN	LR		OCO	OCO180628	2028	Camp Olowalu	2018-06-28	7:40	1	3	4	1	3	15	3	0	Kona	OCO180628	26.0	34.3	6.39	95.6	8.07	4.86	5.51	5.42	5.26	0.067		1	1		0	4	0	
yes	yes	yes	no	no	41	Olowalu	LLHS	RN	LR		OUB	OUB180628	2032	Ukumehame	2018-06-28	8:01	1	3	4	1	3	15	3	0	Kona	OUB180628	26.5	34.6	6.71	101.4	8.17	14.60	14.00	14.00	14.20	0.024		2	2		0	1	0	
yes	yes	yes	no	no	41	Olowalu	LLHS	RN	LR		OPB	OPB180628	2033	Papalaua Beach	2018-06-28	8:18	1	3	4	1	3	15	3	0	Kona	OPB180628	26.3	34.6	6.93	104.4	8.19	5.71	4.90	5.31	5.31	0.076		2	1		2	0	0	
yes	yes	yes	no	no	41	Olowalu	LLHS	RN	LR		OPP	OPP180628	2034	Papalaua Pali	2018-06-28	8:38	1	3	4	1	3	15	3	0	Kona	OPP180628	25.9	34.6	6.91	103.5	8.18	2.99	3.44	3.64	3.36	0.099		3	2		1	2	2	
yes	yes	yes	no	no	42	Olowalu	LLHS	RN	LR	LO	OPM	OPM180719	2073	Martin Hale	2018-07-19	7:15	2	1	3	2	2	7	1	0	Trades	OPM180719	25.5	34.1	5.96	88.0	8.10	6.51	5.49	5.10	5.70	0.128		1	2		0	0	0	
yes	yes	yes	no	no	42	Olowalu	LLHS	RN	LR	LO	OCO	OCO180719	2028	Camp Olowalu	2018-07-19	7:33	2	1	3	2	2	7	1	0	Trades	OCO180719	25.9	34.2	6.51	96.9	8.12	13.60	11.60	12.40	12.53	0.080		2	1		0	13	1	
yes	yes	yes	no	no	42	Olowalu	LLHS	RN	LR	LO	OUB	OUB180719	2032	Ukumehame	2018-07-19	7:49	2	1	3	2	2	7	1	0	Trades	OUB180719	26.3	34.3	6.62	99.1	8.19	16.90	17.10	16.50	16.83	0.018		2	1		0	0	0	
yes	yes	yes	no	no	42	Olowalu	LLHS	RN	LR	LO	OPB	OPB180719	2033	Papalaua Beach	2018-07-19	8:02	2	1	3	2	2	7	1	0	Trades	OPB180719	26.1	34.3	6.75	100.7	8.20	8.82	8.92	8.48	8.74	0.026		2	1		0	3	0	
yes	yes	yes	no	no	42	Olowalu	LLHS	RN	LR	LO	OPP	OPP180719	2034	Papalaua Pali	2018-07-19	8:14	2	1	3	2	2	7	1	0	Trades	OPP180719	26.1	34.2	6.72	100.3	8.20	5.27	3.80	3.75	4.27	0.202		2	1		2	4	1	
yes	yes	yes	no	no	43	Olowalu	LLHS	MB	JM		OPM	OPM180809	2073	Martin Hale	2018-08-09	7:20	1	3	5	1	3	28	2	0	Still	OPM180809	26.9	34.5	5.39	82.4	8.05	1.18	1.16	1.16	1.17	0.010		0	0		0	0	0	Another encounter with Peter Martin asking about water quality data in the Wahikuli region.  Esp nutrient data.
yes	yes	yes	no	no	43	Olowalu	LLHS	MB	JM		OCO	OCO180809	2028	Camp Olowalu	2018-08-09	7:35	1	3	5	1	3	28	2	0	Still	OCO180809	26.9	34.3	6.09	93.0	8.06	3.79	4.55	3.85	4.06	0.104		1	0		0	0	0	
yes	yes	yes	no	no	43	Olowalu	LLHS	MB	JM		OUB	OUB180809	2032	Ukumehame	2018-08-09	7:50	1	3	5	1	3	28	2	0	Still	OUB180809	26.5	34.4	6.55	99.3	8.14	13.90	13.30	13.70	13.63	0.022		3	0		0	0	0	Surfer asked questions about water quality
yes	yes	yes	no	no	43	Olowalu	LLHS	MB	JM		OPB	OPB180809	2033	Papalaua Beach	2018-08-09	8:05	1	3	5	1	3	28	2	0	Still	OPB180809	26.3	34.6	6.61	100.1	8.14	10.00	9.14	10.30	9.81	0.061		3	0		0	0	0	
yes	yes	yes	no	no	43	Olowalu	LLHS	MB	JM		OPP	OPP180809	2034	Papalaua Pali	2018-08-09	8:17	1	3	5	1	3	28	2	0	Still	OPP180809	26.5	34.6	6.63	100.6	8.16	7.31	6.34	7.20	6.95	0.076		3	0		0	2	0	
yes	yes	yes	no	no	44	Olowalu	LLHS	LO	MG	LR	OPM	OPM180830	2073	Martin Hale	2018-08-30	7:15	2	1	6	2	2	20	3	1	Still	OPM180830	25.8	34.3	6.20	92.3	8.13	11.40	12.70	11.20	11.77	0.069		0	0		0	0	0	Lahaina fire 5 days previous of date. Blank pre-sample a little high.
yes	yes	yes	no	no	44	Olowalu	LLHS	LO	MG	LR	OCO	OCO180830	2028	Camp Olowalu	2018-08-30	7:28	2	1	6	2	2	20	3	1	Still	OCO180830	26.0	34.3	6.21	92.8	8.11	3.62	3.31	3.42	3.45	0.046		1	0		0	0	0	
yes	yes	yes	no	no	44	Olowalu	LLHS	LO	MG	LR	OUB	OUB180830	2032	Ukumehame	2018-08-30	7:50	2	1	6	2	2	20	3	1	Still	OUB180830	24.8	34.5	6.77	99.2	8.16	18.60	18.10	20.00	18.90	0.052		2	2		0	0	0	
yes	yes	yes	no	no	44	Olowalu	LLHS	LO	MG	LR	OPB	OPB180830	2033	Papalaua Beach	2018-08-30	8:03	2	1	6	2	2	20	3	1	Still	OPB180830	25.0	34.3	6.77	99.6	8.17	5.79	5.30	5.20	5.43	0.058		2	3		0	0	0	Slight drizzle
yes	yes	yes	no	no	44	Olowalu	LLHS	LO	MG	LR	OPP	OPP180830	2034	Papalaua Pali	2018-08-30	8:15	2	1	6	2	2	20	3	1	Still	OPP180830	25.6	34.1	6.47	95.8	8.15	14.00	13.70	12.60	13.43	0.055		2	3		0	0	0	DO display on meter intermitant
yes	yes	yes	no	no	45	Olowalu	LLHS	LO	MG	RN	OPM	OPM180920	2073	Martin Hale	2018-09-20	7:20	1	3	5	1	3	11	0	0	0	OPM180920	27.0	34.3	5.28	80.6	8.03	1.44	1.40	1.73	1.52	0.118		0	0	0	0	0	0	no rain in last 24 hours
yes	yes	yes	no	no	45	Olowalu	LLHS	LO	MG	RN	OCO	OCO180920	2028	Camp Olowalu	2018-09-20	7:33	1	3	5	1	3	11	0	0	0	OCO180920	27.3	34.4	6.02	92.4	8.11	2.15	2.20	2.15	2.17	0.013		0	0	0	0	6	0	no rain in last 24 hours
yes	yes	yes	no	no	45	Olowalu	LLHS	LO	MG	RN	OUB	OUB180920	2032	Ukumehame	2018-09-20	7:55	1	3	5	1	3	11	0	0	0	OUB180920	27.3	34.6	6.39	98.1	8.12	15.20	15.40	15.50	15.37	0.010		2	0	0	8	1	0	no rain in last 24 hours
yes	yes	yes	no	no	45	Olowalu	LLHS	LO	MG	RN	OPB	OPB180920	2033	Papalaua Beach	2018-09-20	8:10	1	3	5	1	3	11	0	0	0	OPB180920	27.6	34.6	6.57	101.5	8.14	6.90	6.49	6.55	6.65	0.033		2	0	0	0	2	0	no rain in last 24 hours
yes	yes	yes	no	no	45	Olowalu	LLHS	LO	MG	RN	OPP	OPP180920	2034	Papalaua Pali	2018-09-20	8:21	1	3	5	1	3	11	0	0	0	OPP180920	27.6	34.4	6.45	99.4	8.14	4.78	5.37	4.83	4.99	0.066		2	0	0	0	2	0	no rain in last 24 hours
yes	yes	yes	no	no	46	Olowalu	LLHS	LO	MG	LR	OPM	OPM181011	2073	Martin Hale	2018-10-11	7:14	2	1	6	2	2					OPM181011	27.0	34.6	6.28	95.7	8.11	17.00	18.10	18.10	17.73	0.036					0	0	0	Pre-sampling tubidity blank > 0.1
yes	yes	yes	no	no	46	Olowalu	LLHS	LO	MG	LR	OCO	OCO181011	2028	Camp Olowalu	2018-10-11	7:34	2	1	6	2	2					OCO181011	27.7	34.6	6.41	98.7	8.12	24.20	23.80	23.30	23.77	0.019					0	0	0	
yes	yes	yes	no	no	46	Olowalu	LLHS	LO	MG	LR	OUB	OUB181011	2032	Ukumehame	2018-10-11	7:50	2	1	6	2	2					OUB181011	27.5	34.6	6.49	99.8	8.17	6.54	6.82	6.41	6.59	0.032					20	2	0	The swimmers were all serfers
yes	yes	yes	no	no	46	Olowalu	LLHS	LO	MG	LR	OPB	OPB181011	2033	Papalaua Beach	2018-10-11	8:00	2	1	6	2	2					OPB181011	27.4	34.5	6.61	101.4	8.16	6.79	7.11	6.86	6.92	0.024					0	0	0	
yes	yes	yes	no	no	46	Olowalu	LLHS	LO	MG	LR	OPP	OPP181011	2034	Papalaua Pali	2018-10-11	8:12	2	1	6	2	2					OPP181011	27.5	34.5	6.57	101.0	8.14	5.43	6.09	5.88	5.80	0.058					0	0	0	
yes	yes	yes	no	no	47	Olowalu	LLHS	LO	MG	RN	OPM	OPM181101	2073	Martin Hale	2018-11-01	7:13	1	3	5	1	3					OPM181101	26.8	34.5	5.51	83.7	8.03	1.36	2.36	2.47	2.06	0.296					0	0	0	
yes	yes	yes	no	no	47	Olowalu	LLHS	LO	MG	RN	OCO	OCO181101	2028	Camp Olowalu	2018-11-01	7:24	1	3	5	1	3					OCO181101	27.5	34.4	5.80	89.1	8.08	3.76	3.72	3.49	3.66	0.040					0	0	0	
yes	yes	yes	no	no	47	Olowalu	LLHS	LO	MG	RN	OUB	OUB181101	2032	Ukumehame	2018-11-01	7:40	1	3	5	1	3					OUB181101	27.2	34.5	6.43	98.3	8.13	23.30	24.50	23.60	23.80	0.026					1	1	0	
yes	yes	yes	no	no	47	Olowalu	LLHS	LO	MG	RN	OPB	OPB181101	2033	Papalaua Beach	2018-11-01	7:54	1	3	5	1	3					OPB181101	27.0	34.4	6.60	100.5	8.11	7.67	8.44	7.29	7.80	0.075					0	0	0	
yes	yes	yes	no	no	47	Olowalu	LLHS	LO	MG	RN	OPP	OPP181101	2034	Papalaua Pali	2018-11-01	8:02	1	3	5	1	3					OPP181101	27.3	34.4	6.45	98.6	8.13	8.06	8.45	8.45	8.32	0.027					2	2	0	
yes	yes	yes	no	no	48	Olowalu	LLHS	LO	JS	LR	OPM	OPM181129	2073	Martin Hale	2018-11-29	7:15	2	1	6	2	2					OPM181129	24.4	34.7	5.42	78.8	8.07	1.60	1.93	2.02	1.85	0.120					0	0	0	
yes	yes	yes	no	no	48	Olowalu	LLHS	LO	JS	LR	OCO	OCO181129	2028	Camp Olowalu	2018-11-29	7:32	2	1	6	2	2					OCO181129	24.9	34.9	6.47	95.0	8.15	1.22	1.03	1.10	1.12	0.086					2	1	0	
yes	yes	yes	no	no	48	Olowalu	LLHS	LO	JS	LR	OUB	OUB181129	2032	Ukumehame	2018-11-29	7:48	2	1	6	2	2					OUB181129	24.9	34.8	6.28	92.2	8.17	7.40	7.65	7.46	7.50	0.017					0	0	0	
yes	yes	yes	no	no	48	Olowalu	LLHS	LO	JS	LR	OPB	OPB181129	2033	Papalaua Beach	2018-11-29	8:00	2	1	6	2	2					OPB181129	25.3	35.0	6.45	95.4	8.18	3.85	3.88	3.64	3.79	0.035					0	0	0	
yes	yes	yes	no	no	48	Olowalu	LLHS	LO	JS	LR	OPP	OPP181129	2034	Papalaua Pali	2018-11-29	8:13	2	1	6	2	2					OPP181129	25.7	34.8	6.59	98.2	8.21	6.51	6.37	6.94	6.61	0.045					0	0	0	
yes	yes	yes	no	no	49	Olowalu	LLHS		MG	RN	OPM	OPM181213	2073	Martin Hale	2018-12-13	7:22	1	3	5	1	3					OPM181213	22.9	34.7	6.24	88.2	8.06	3.34	3.59	3.86	3.60	0.072					0	0	0	
yes	yes	yes	no	no	49	Olowalu	LLHS		MG	RN	OCO	OCO181213	2028	Camp Olowalu	2018-12-13	7:41	1	3	5	1	3					OCO181213	22.8	34.7	6.37	90.0	8.10	1.11	1.18	1.11	1.13	0.036					0	3	0	
yes	yes	yes	no	no	49	Olowalu	LLHS		MG	RN	OUB	OUB181213	2032	Ukumehame	2018-12-13	7:56	1	3	5	1	3					OUB181213	22.3	34.9	6.86	96.1	8.13	7.41	7.26	6.99	7.22	0.029					0	0	0	
yes	yes	yes	no	no	49	Olowalu	LLHS		MG	RN	OPB	OPB181213	2033	Papalaua Beach	2018-12-13	8:15	1	3	5	1	3					OPB181213	23.3	34.8	6.84	97.4	8.17	9.63	10.50	9.96	10.03	0.044					0	0	0	
yes	yes	yes	no	no	49	Olowalu	LLHS		MG	RN	OPP	OPP181213	2034	Papalaua Pali	2018-12-13	8:26	1	3	5	1	3					OPP181213	23.9	34.4	6.45	92.4	8.11	5.36	5.30	5.19	5.28	0.016					0	0	0	
yes	yes	yes	no	no	50	Olowalu	LLHS	LO	JS	LR	OPM	OPM190110	2073	Martin Hale	2019-01-10	7:18	2	3	6	2	2					OPM190110	23.9	34.6	6.05	87.0	8.04	6.16	6.47	6.47	6.37	0.028					0	0	0	
yes	yes	yes	no	no	50	Olowalu	LLHS	LO	JS	LR	OCO	OCO190110	2028	Camp Olowalu	2019-01-10	7:32	2	3	6	2	2					OCO190110	24.4	34.4	6.58	95.3	8.10	3.54	3.60	3.77	3.64	0.033					4	10	0	Kayak tour group at site - 4 kayaks in the water and 5 on land about to launch
yes	yes	yes	no	no	50	Olowalu	LLHS	LO	JS	LR	OUB	OUB190110	2032	Ukumehame	2019-01-10	7:50	2	3	6	2	2					OUB190110	24.3	34.7	6.55	94.8	8.12	13.90	14.50	14.10	14.17	0.022					0	0	0	
yes	yes	yes	no	no	50	Olowalu	LLHS	LO	JS	LR	OPB	OPB190110	2033	Papalaua Beach	2019-01-10	8:00	2	3	6	2	2					OPB190110	24.5	34.7	6.40	93.0	8.13	2.62	2.95	2.60	2.72	0.072					0	0	0	
yes	yes	yes	no	no	50	Olowalu	LLHS	LO	JS	LR	OPP	OPP190110	2034	Papalaua Pali	2019-01-10	8:13	2	3	6	2	2					OPP190110	24.5	34.4	6.75	97.8	8.18	4.31	3.78	4.01	4.03	0.066					0	2	0	
yes	yes	yes	no	no	51	Olowalu	LLHS	LO	LR	RN	OPM	OPM190131	2073	Martin Hale	2019-01-31	7:10	1	1	5	1	3					OPM190131	23.0	34.3	5.80	82.5	8.08	2.22	2.21	2.04	2.16	0.047					0	0	0	Light drizzle encountered, lid for bucket used
yes	yes	yes	no	no	51	Olowalu	LLHS	LO	LR	RN	OCO	OCO190131	2028	Camp Olowalu	2019-01-31	7:27	1	1	5	1	3					OCO190131	23.6	34.7	6.46	93.1	8.16	1.50	1.42	1.70	1.54	0.094					0	10	0	
yes	yes	yes	no	no	51	Olowalu	LLHS	LO	LR	RN	OUB	OUB190131	2032	Ukumehame	2019-01-31	7:43	1	1	5	1	3					OUB190131	22.9	34.5	6.72	95.6	8.18	2.02	2.23	2.20	2.15	0.053					0	0	0	
yes	yes	yes	no	no	51	Olowalu	LLHS	LO	LR	RN	OPB	OPB190131	2033	Papalaua Beach	2019-01-31	7:55	1	1	5	1	3					OPB190131	23.1	34.4	6.69	95.4	8.17	3.05	3.82	3.65	3.51	0.115					1	0	0	
yes	yes	yes	no	no	51	Olowalu	LLHS	LO	LR	RN	OPP	OPP190131	2034	Papalaua Pali	2019-01-31	8:10	1	1	5	1	3					OPP190131	23.4	34.6	6.60	94.9	8.17	1.50	1.51	1.78	1.60	0.099					0	1	2	
yes	yes	yes	no	no	52	Olowalu	LLHS	LO	RN	LR	OPM	OPM190221	2073	Martin Hale	2019-02-21	7:07	2	3	6	2	2					OPM190221	23.2	34.5	6.60	94.1	8.12	13.10	13.70	12.70	13.17	0.038					0	0	0	
yes	yes	yes	no	no	52	Olowalu	LLHS	LO	RN	LR	OCO	OCO190221	2028	Camp Olowalu	2019-02-21	7:22	2	3	6	2	2					OCO190221	24.1	34.5	6.20	89.7	8.12	1.31	1.44	1.45	1.40	0.056					2	12	0	
yes	yes	yes	no	no	52	Olowalu	LLHS	LO	RN	LR	OUB	OUB190221	2032	Ukumehame	2019-02-21	7:36	2	3	6	2	2					OUB190221	23.9	34.5	6.52	93.9	8.15	2.65	2.69	2.83	2.72	0.035					0	2	2	
yes	yes	yes	no	no	52	Olowalu	LLHS	LO	RN	LR	OPB	OPB190221	2033	Papalaua Beach	2019-02-21	7:51	2	3	6	2	2					OPB190221	24.1	34.5	6.79	98.3	8.15	10.40	10.70	10.90	10.67	0.024					0	2	0	
yes	yes	yes	no	no	52	Olowalu	LLHS	LO	RN	LR	OPP	OPP190221	2034	Papalaua Pali	2019-02-21	8:01	2	3	6	2	2					OPP190221	23.8	34.7	6.69	96.4	8.19	4.56	4.67	4.54	4.59	0.015					0	2	0	
yes	yes	yes	no	no	53	Olowalu	LLHS		JS	RN	OPM	OPM190314	2073	Martin Hale	2019-03-14	7:10	1	3	5	1	3					OPM190314	22.6	33.5	6.03	85.4	8.04	9.52	10.60	10.20	10.11	0.054					0	0	0	Salinity at OPM was above 35.0 on second test
yes	yes	yes	no	no	53	Olowalu	LLHS		JS	RN	OCO	OCO190314	2028	Camp Olowalu	2019-03-14	7:33	1	3	5	1	3					OCO190314	23.7	35.4	6.56	94.7	8.09	2.40	2.53	2.68	2.54	0.055					10	10	0	
yes	yes	yes	no	no	53	Olowalu	LLHS		JS	RN	OUB	OUB190314	2032	Ukumehame	2019-03-14	7:55	1	3	5	1	3					OUB190314	23.1	35.5	6.77	96.7	8.13	5.77	5.90	5.96	5.88	0.017					0	1	0	Took 4th turbidity reading at OPM since 3rd was greater over 20% difference with the first two readings.
yes	yes	yes	no	no	53	Olowalu	LLHS		JS	RN	OPB	OPB190314	2033	Papalaua Beach	2019-03-14	8:16	1	3	5	1	3					OPB190314	23.0	35.8	6.98	99.9	8.17	6.85	6.80	7.71	7.12	0.072					0	1	0	
yes	yes	yes	no	no	53	Olowalu	LLHS		JS	RN	OPP	OPP190314	2034	Papalaua Pali	2019-03-14	8:37	1	3	5	1	3					OPP190314	23.4	35.4	6.97	100.0	8.17	2.49	2.09	2.11	2.23	0.101					0	2	0	
yes	yes	yes	no	no	54	Olowalu	LLHS	LR	JS	LO	OPM	OPM190404	2073	Martin Hale	2019-04-04	7:12	1	3	5	1	3					OPM190404	22.9	35.8	6.09	86.7	8.11	2.59	2.26	2.43	2.43	0.068					0	0	0	
yes	yes	yes	no	no	54	Olowalu	LLHS	LR	JS	LO	OCO	OCO190404	2028	Camp Olowalu	2019-04-04	7:24	1	3	5	1	3					OCO190404	23.9	35.8	6.25	90.6	8.12	1.72	1.70	1.78	1.73	0.024					0	5	0	
yes	yes	yes	no	no	54	Olowalu	LLHS	LR	JS	LO	OUB	OUB190404	2032	Ukumehame	2019-04-04	7:39	1	3	5	1	3					OUB190404	24.7	35.9	6.46	94.6	8.15	3.17	2.95	3.10	3.07	0.037					0	7	0	
yes	yes	yes	no	no	54	Olowalu	LLHS	LR	JS	LO	OPB	OPB190404	2033	Papalaua Beach	2019-04-04	7:50	1	3	5	1	3					OPB190404	24.3	36.0	6.80	99.3	8.15	4.36	4.17	4.12	4.22	0.030					0	0	0	
yes	yes	yes	no	no	54	Olowalu	LLHS	LR	JS	LO	OPP	OPP190404	2034	Papalaua Pali	2019-04-04	8:02	1	3	5	1	3					OPP190404	24.0	35.7	6.71	97.3	8.17	3.21	3.17	3.42	3.27	0.041					0	0	0	
yes	yes	yes	no	no	55	Olowalu	LLHS	RN	JS	LR	OPM	OPM190425	2073	Martin Hale	2019-04-25	7:10	2	2	6	2	2					OPM190425	23.7	35.6	5.57	80.4	8.05	1.62	1.68	1.74	1.68	0.036					0	0	0	OCO - Did 2nd reading of salinity - value was the same
yes	yes	yes	no	no	55	Olowalu	LLHS	RN	JS	LR	OCO	OCO190425	2028	Camp Olowalu	2019-04-25	7:30	2	2	6	2	2					OCO190425	24.4	35.7	6.30	92.2	8.08	3.76	3.88	4.04	3.89	0.036					0	0	0	OUB - Did 2nd reading of salinity - value was 35.9
yes	yes	yes	no	no	55	Olowalu	LLHS	RN	JS	LR	OUB	OUB190425	2032	Ukumehame	2019-04-25	7:45	2	2	6	2	2					OUB190425	24.5	36.0	6.70	98.3	8.15	23.70	24.80	25.50	24.67	0.037					4	1	0	Had trouble getting D.O probe reading to pop up a few times but eventually it worked
yes	yes	yes	no	no	55	Olowalu	LLHS	RN	JS	LR	OPB	OPB190425	2033	Papalaua Beach	2019-04-25	8:05	2	2	6	2	2					OPB190425	24.3	36.0	6.62	96.8	8.16	6.27	5.88	6.41	6.19	0.044					0	0	0	
yes	yes	yes	no	no	55	Olowalu	LLHS	RN	JS	LR	OPP	OPP190425	2034	Papalaua Pali	2019-04-25	8:15	2	2	6	2	2					OPP190425	24.5	35.6	6.83	100.1	8.17	3.18	3.10	3.83	3.37	0.119					0	0	0	
yes	yes	yes	no	no	56	Olowalu	LLHS	BB	JS		OPM	OPM190516	2073	Martin Hale	2019-05-16	7:20	1	3	5	1	3					OPM190516	25.8	35.9	5.85	87.8	8.08	1.36	1.24	1.36	1.32	0.052					0	0	0	OPM - Very low tide
yes	yes	yes	no	no	56	Olowalu	LLHS	BB	JS		OCO	OCO190516	2028	Camp Olowalu	2019-05-16	7:40	1	3	5	1	3					OCO190516	26.2	35.5	6.54	98.6	8.07	10.60	12.20	10.70	11.17	0.080					0	0	0	
yes	yes	yes	no	no	56	Olowalu	LLHS	BB	JS		OUB	OUB190516	2032	Ukumehame	2019-05-16	7:55	1	3	5	1	3					OUB190516	26.1	35.9	6.72	101.5	8.15	5.87	5.94	6.06	5.96	0.016					0	0	0	
yes	yes	yes	no	no	56	Olowalu	LLHS	BB	JS		OPB	OPB190516	2033	Papalaua Beach	2019-05-16	8:20	1	3	5	1	3					OPB190516	26.1	36.0	7.07	106.7	8.20	3.09	3.24	3.31	3.21	0.035					0	0	0	
yes	yes	yes	no	no	56	Olowalu	LLHS	BB	JS		OPP	OPP190516	2034	Papalaua Pali	2019-05-16	8:40	1	3	5	1	3					OPP190516	26.2	35.9	6.94	104.9	8.20	1.61	1.91	2.00	1.84	0.111					0	0	0	
yes	yes	no	no	no	57	Olowalu	LLHS	RN	LR	BB	OPM	OPM190606	2073	Martin Hale	2019-06-06	7:14	2	NBBF	6	2	2					OPM190606	27.1	36.1	5.02	76.9	8.03	1.39	1.71	1.81	1.64	0.134					0	0	0	All presampling tested a little high, Salinity testing higher than normal range
yes	yes	no	no	no	57	Olowalu	LLHS	RN	LR	BB	OCO	OCO190606	2028	Camp Olowalu	2019-06-06	7:30	2	NBBF	6	2	2					OCO190606	27.4	36.1	5.96	91.6	8.13	1.51	1.58	1.67	1.59	0.051					0	9	0	
yes	yes	no	no	no	57	Olowalu	LLHS	RN	LR	BB	OUB	OUB190606	2032	Ukumehame	2019-06-06	7:45	2	NBBF	6	2	2					OUB190606	27.1	36.1	6.25	95.6	8.13	3.37	3.43	3.19	3.33	0.038					15	0	0	
yes	yes	no	no	no	57	Olowalu	LLHS	RN	LR	BB	OPB	OPB190606	2033	Papalaua Beach	2019-06-06	8:00	2	NBBF	6	2	2					OPB190606	27.3	36.2	6.01	92.3	8.10	3.31	2.72	2.79	2.94	0.110					0	0	2	
yes	yes	no	no	no	57	Olowalu	LLHS	RN	LR	BB	OPP	OPP190606	2034	Papalaua Pali	2019-06-06	8:13	2	NBBF	6	2	2					OPP190606	27.3	36.0	6.16	94.5	8.15	2.69	3.03	3.17	2.96	0.083					0	1	0	Rain started at end of sampling
yes	yes	no	no	no	58	Olowalu	LLHS	RN	BB		OPM	OPM190627	2073	Martin Hale	2019-06-27	7:13	1	3	5	1	3					OPM190627	27.5	36.2	5.41	83.7	7.98	0.91	1.09	1.16	1.05	0.122					0	0	0	
yes	yes	no	no	no	58	Olowalu	LLHS	RN	BB		OCO	OCO190627	2028	Camp Olowalu	2019-06-27	7:33	1	3	5	1	3					OCO190627	27.5	35.9	6.16	95.6	8.07	1.78	2.08	2.14	2.00	0.096					0	9	0	
yes	yes	no	no	no	58	Olowalu	LLHS	RN	BB		OUB	OUB190627	2032	Ukumehame	2019-06-27	7:49	1	3	5	1	3					OUB190627	27.6	36.2	6.51	101.3	8.10	7.55	7.63	7.18	7.45	0.032					0	0	0	
yes	yes	no	no	no	58	Olowalu	LLHS	RN	BB		OPB	OPB190627	2033	Papalaua Beach	2019-06-27	8:07	1	3	5	1	3					OPB190627	27.4	36.1	6.72	104.3	8.11	5.58	5.03	5.34	5.32	0.052					0	0	4	
yes	yes	no	no	no	58	Olowalu	LLHS	RN	BB		OPP	OPP190627	2034	Papalaua Pali	2019-06-27	8:24	1	3	5	1	3					OPP190627	27.7	35.9	6.61	102.9	8.12	7.38	6.75	7.77	7.30	0.071				N	2	0	0	
yes	yes	yes	no	no	59	Olowalu	LLHS	TM	LR	KG	OPM	OPM190718	2073	Martin Hale	2019-07-18	7:25	2	NBBF	6	2	2					OPM190718	26.4	36.2	5.81	88.3	8.07	1.45	1.57	1.67	1.56	0.070					0	0	0	
yes	yes	yes	no	no	59	Olowalu	LLHS	TM	LR	KG	OCO	OCO190718	2028	Camp Olowalu	2019-07-18	7:50	2	NBBF	6	2	2					OCO190718	26.8	36.3	6.15	94.1	8.13	2.80	2.79	2.85	2.81	0.011					0	5	0	
yes	yes	yes	no	no	59	Olowalu	LLHS	TM	LR	KG	OUB	OUB190718	2032	Ukumehame	2019-07-18	8:21	2	NBBF	6	2	2					OUB190718	25.7	36.4	6.71	100.9	8.15	5.96	6.19	6.24	6.13	0.024					0	0	0	Very Windy, white caps, stinging sand
yes	yes	yes	no	no	59	Olowalu	LLHS	TM	LR	KG	OPB	OPB190718	2033	Papalaua Beach	2019-07-18	8:30	2	NBBF	6	2	2					OPB190718	25.9	36.3	6.90	104.1	8.20	7.43	7.14	7.58	7.38	0.030					0	0	0	
yes	yes	yes	no	no	59	Olowalu	LLHS	TM	LR	KG	OPP	OPP190718	2034	Papalaua Pali	2019-07-18	8:40	2	NBBF	6	2	2					OPP190718	26.3	35.7	6.82	103.2	8.16	2.23	2.37	2.39	2.33	0.037					0	0	0	
yes	yes	no	no	no	60	Olowalu	LLHS	RN	RL	KG	OPM	OPM190808	2073	Martin Hale	2019-08-08	7:19	1	3	5	1	3					OPM190808	27.5	36.2	5.62	86.9	8.03	1.81	1.97	2.24	2.01	0.108				N	0	0	0	2100Q struggled to turn on during pre-sample. We replaced the batteries.
yes	yes	no	no	no	60	Olowalu	LLHS	RN	RL	KG	OCO	OCO190808	2028	Camp Olowalu	2019-08-08	7:42	1	3	5	1	3					OCO190808	28.8	36.0	6.04	95.2	8.08	6.40	5.74	5.15	5.76	0.109				N	12	10	0	First 2 sites - read temperature from "DO" probe. Later noted "DO" temperature (at later sites) ran 0.2 degrees higher than salinity probe.
yes	yes	no	no	no	60	Olowalu	LLHS	RN	RL	KG	OUB	OUB190808	2032	Ukumehame	2019-08-08	7:55	1	3	5	1	3					OUB190808	28.0	36.2	6.54	102.2	8.13	21.50	23.00	20.00	21.50	0.070				N	3	3	0	
yes	yes	no	no	no	60	Olowalu	LLHS	RN	RL	KG	OPB	OPB190808	2033	Papalaua Beach	2019-08-08	8:10	1	3	5	1	3					OPB190808	28.1	36.2	6.68	104.6	8.13	4.05	4.61	4.67	4.44	0.077				N	0	0	0	
yes	yes	no	no	no	60	Olowalu	LLHS	RN	RL	KG	OPP	OPP190808	2034	Papalaua Pali	2019-08-08	8:20	1	3	5	1	3					OPP190808	28.1	36.0	6.66	104.1	8.15	4.51	4.23	4.66	4.47	0.049				N	0	1	0	
yes	yes	no	no	no	61	Olowalu	LLHS	TM	RN	KG	OPM	OPM190829	2073	Martin Hale	2019-08-29	7:19	2	NBBF	6	2	2					OPM190829	28.1	36.5	5.68	89.0	8.08	1.28	1.28	1.28	1.28	0.000				N	0	0	0	OPM - Followed net "tip" procedure repeatedly - for Blank - still read out of range - best reading recorded
yes	yes	no	no	no	61	Olowalu	LLHS	TM	RN	KG	OCO	OCO190829	2028	Camp Olowalu	2019-08-29	7:37	2	NBBF	6	2	2					OCO190829	28.2	36.3	6.03	94.4	8.08	6.29	7.65	7.14	7.03	0.098					0	6	0	OCO190829 - 4th reading 6.89 turbidity, testing done on side of road with traffic going by, may have caused vibration of car. Also, I may not have had arrow on jar lined up.
yes	yes	no	no	no	61	Olowalu	LLHS	TM	RN	KG	OUB	OUB190829	2032	Ukumehame	2019-08-29	7:54	2	NBBF	6	2	2					OUB190829	28.3	36.5	6.34	99.8	8.12	23.20	24.30	21.30	22.93	0.066					12	6		
yes	yes	no	no	no	61	Olowalu	LLHS	TM	RN	KG	OPB	OPB190829	2033	Papalaua Beach	2019-08-29	8:10	2	NBBF	6	2	2					OPB190829	28.7	36.5	6.41	101.4	8.16	3.66	5.16	5.43	4.75	0.201					0	1	0	Papalaua Beach 5.12 4th reading, turbidity.
yes	yes	no	no	no	61	Olowalu	LLHS	TM	RN	KG	OPP	OPP190829	2034	Papalaua Pali	2019-08-29	8:26	2	NBBF	6	2	2					OPP190829	28.9	36.5	6.39	101.4	8.14	3.39	4.70	4.47	4.19	0.167					0	3	0	
yes	yes	no	no	no	62	Olowalu	LLHS	KG	LR		OPM	OPM190919	2073	Martin Hale	2019-09-19	7:16	1	3	5	1	3					OPM190919	27.5	36.3	6.11	94.3	8.07	10.40	10.40	11.30	10.70	0.049				N	0	0	0	
yes	yes	no	no	no	62	Olowalu	LLHS	KG	LR		OCO	OCO190919	2028	Camp Olowalu	2019-09-19	7:35	1	3	5	1	3					OCO190919	28.6	36.3	6.29	99.6	8.09	9.51	9.60	10.10	9.74	0.033				N	3	5	0	
yes	yes	no	no	no	62	Olowalu	LLHS	KG	LR		OUB	OUB190919	2032	Ukumehame	2019-09-19	7:52	1	3	5	1	3					OUB190919	27.7	36.3	6.55	102.1	8.12	22.40	24.00	22.80	23.07	0.036				N	10	0	0	
yes	yes	no	no	no	62	Olowalu	LLHS	KG	LR		OPB	OPB190919	2033	Papalaua Beach	2019-09-19	8:08	1	3	5	1	3					OPB190919	28.1	36.3	6.48	101.7	8.11	4.55	5.09	5.09	4.91	0.063				N	0	0	0	OPB - HQ40d sensors took a little time to connect properly at this site, and it also turned off in the middle of a read
yes	yes	no	no	no	62	Olowalu	LLHS	KG	LR		OPP	OPP190919	2034	Papalaua Pali	2019-09-19	8:22	1	3	5	1	3					OPP190919	28.3	36.2	6.54	102.8	8.10	8.60	8.69	8.83	8.71	0.013				N	1	0	0	OPP - Took 4th reading of Turbidity at this site after big truck passed during read.
yes	yes	yes	no	no	63	Olowalu	LLHS	BB	LR	KG	OPM	OPM191010	2073	Martin Hale	2019-10-10	7:09	2	NBBF	6	2	2					OPM191010	27.6	36.3	5.35	83.2	7.98	2.36	2.39	2.38	2.38	0.006					0	0	0	OPM - 1 shark in water (black tip)
yes	yes	yes	no	no	63	Olowalu	LLHS	BB	LR	KG	OCO	OCO191010	2028	Camp Olowalu	2019-10-10	7:28	2	NBBF	6	2	2					OCO191010	28.4	36.4	6.00	94.6	8.05	5.47	5.22	5.28	5.32	0.025					0	5	0	
yes	yes	yes	no	no	63	Olowalu	LLHS	BB	LR	KG	OUB	OUB191010	2032	Ukumehame	2019-10-10	7:44	2	NBBF	6	2	2					OUB191010	28.7	36.6	6.08	96.5	8.09	16.50	16.90	16.50	16.63	0.014				N	0	0	0	OUB - near shore wave break
yes	yes	yes	no	no	63	Olowalu	LLHS	BB	LR	KG	OPB	OPB191010	2033	Papalaua Beach	2019-10-10	7:59	2	NBBF	6	2	2					OPB191010	28.6	36.5	6.27	99.3	8.10	7.18	6.67	6.75	6.87	0.040				N	0	0	0	
yes	yes	yes	no	no	63	Olowalu	LLHS	BB	LR	KG	OPP	OPP191010	2034	Papalaua Pali	2019-10-10	8:13	2	NBBF	6	2	2					OPP191010	28.6	36.3	6.28	99.5	8.13	3.01	3.42	3.57	3.33	0.087				N	0	2	3	
yes	yes	no	no	no	64	Olowalu	LLHS	KG	LR	RN	OPM	OPM191031	2073	Martin Hale	2019-10-31	7:10	1	1	5	1	3					OPM191031	26.8	36.1	5.95	91.6	8.04	8.92	10.30	9.91	9.71	0.073				N	0	0	0	new turbidity sample cell in use, first turbidity sample bottle was scratched, we used backup glass bottle. scratched cell discarded.
yes	yes	no	no	no	64	Olowalu	LLHS	KG	LR	RN	OCO	OCO191031	2028	Camp Olowalu	2019-10-31	7:30	1	1	5	1	3					OCO191031	27.4	36.0	6.09	94.6	8.09	3.45	3.85	3.92	3.74	0.068				N	0	0	0	
yes	yes	no	no	no	64	Olowalu	LLHS	KG	LR	RN	OUB	OUB191031	2032	Ukumehame	2019-10-31	7:45	1	1	5	1	3					OUB191031	27.6	36.2	6.25	97.4	8.09	21.70	22.00	22.20	21.97	0.011				N	0	0	0	
yes	yes	no	no	no	64	Olowalu	LLHS	KG	LR	RN	OPB	OPB191031	2033	Papalaua Beach	2019-10-31	7:56	1	1	5	1	3					OPB191031	27.6	36.2	6.31	98.4	8.11	4.74	4.89	4.99	4.87	0.026				N	0	0	0	
yes	yes	no	no	no	64	Olowalu	LLHS	KG	LR	RN	OPP	OPP191031	2034	Papalaua Pali	2019-10-31	8:08	1	1	5	1	3					OPP191031	27.7	36.1	6.40	99.7	8.11	11.10	11.30	11.20	11.20	0.009				N	0	1	0	
yes	yes	no	no	no	65	Olowalu	LLHS	KG	RN		OPM	OPM191121	2073	Martin Hale	2019-11-21	7:10	2	NBBF	6	2	2					OPM191121	26.3	36.3	5.40	81.9	8.04	1.67	1.80	1.72	1.73	0.038				N	0	0	0	4th Turbidity reading 1.38NTU
yes	yes	no	no	no	65	Olowalu	LLHS	KG	RN		OCO	OCO191121	2028	Camp Olowalu	2019-11-21	7:33	2	NBBF	6	2	2					OCO191121	26.5	36.3	6.03	91.7	8.10	1.94	2.01	1.88	1.94	0.033				N	0	1	0	
yes	yes	no	no	no	65	Olowalu	LLHS	KG	RN		OUB	OUB191121	2032	Ukumehame	2019-11-21	7:48	2	NBBF	6	2	2					OUB191121	26.0	36.4	6.23	94.1	8.11	11.70	11.60	12.80	12.03	0.055				N	0	0	0	Heavy winds shaking car.  Turbidity reading verified.
yes	yes	no	no	no	65	Olowalu	LLHS	KG	RN		OPB	OPB191121	2033	Papalaua Beach	2019-11-21	8:05	2	NBBF	6	2	2					OPB191121	26.1	36.4	6.53	98.7	8.15	4.39	4.22	4.66	4.42	0.050				N	0	0	0	
yes	yes	no	no	no	65	Olowalu	LLHS	KG	RN		OPP	OPP191121	2034	Papalaua Pali	2019-11-21	8:16	2	NBBF	6	2	2					OPP191121	26.5	35.9	6.40	97.2		6.69	6.79	6.11	6.53	0.056				N	0	0	0	No pH reading taken.  4th Turbidity reading 6.31 NTU
yes	yes	no	no	no	66	Olowalu	LLHS	KG	LR	RN	OPM	OPM191205	2073	Martin Hale	2019-12-05	7:14	1	1	5	1	3					OPM191205	24.9	35.9	5.63	83.4	7.98	1.74	1.85	1.75	1.78	0.034				NA	0	0	0	Fairly windy weather today - heavy cloud cover
yes	yes	no	no	no	66	Olowalu	LLHS	KG	LR	RN	OCO	OCO191205	2028	Camp Olowalu	2019-12-05	7:33	1	1	5	1	3					OCO191205	24.9	35.9	6.25	92.6	8.10	2.17	1.99	2.03	2.06	0.046				NA	3	1	0	
yes	yes	no	no	no	66	Olowalu	LLHS	KG	LR	RN	OUB	OUB191205	2032	Ukumehame	2019-12-05	7:48	1	1	5	1	3					OUB191205	25.4	36.1	6.43	96.2	8.12	5.31	5.05	4.94	5.10	0.037				NA	0	0	0	
yes	yes	no	no	no	66	Olowalu	LLHS	KG	LR	RN	OPB	OPB191205	2033	Papalaua Beach	2019-12-05	8:03	1	1	5	1	3					OPB191205	25.0	36.1	6.64	98.6	8.12	4.77	4.51	4.70	4.66	0.029				NA	0	0	0	
yes	yes	no	no	no	66	Olowalu	LLHS	KG	LR	RN	OPP	OPP191205	2034	Papalaua Pali	2019-12-05	8:15	1	1	5	1	3					OPP191205	25.5	35.5	6.41	95.8	8.10	5.88	6.14	6.45	6.16	0.046				NA	0	0	0	
yes	yes	yes	no	no	67	Olowalu	LLHS	KG	RN	LR	OPM	OPM200109	2073	Martin Hale	2020-01-09	7:15	2	NBBF	6	2	2					OPM200109	23.1	35.7	5.91	84.8	8.16	6.94	6.86	7.33	7.04	0.036				N	0	0	0	Very Windy Day.  Showers OFF & ON
yes	yes	yes	no	no	67	Olowalu	LLHS	KG	RN	LR	OCO	OCO200109	2028	Camp Olowalu	2020-01-09	7:32	2	NBBF	6	2	2					OCO200109	23.0	35.8	6.35	90.8	8.21	0.76	0.85	0.70	0.77	0.098				N	0	0	0	
yes	yes	yes	no	no	67	Olowalu	LLHS	KG	RN	LR	OUB	OUB200109	2032	Ukumehame	2020-01-09	7:47	2	NBBF	6	2	2					OUB200109	23.2	35.9	6.54	93.9	8.19	13.40	14.30	14.70	14.13	0.047				N	0	0	0	
yes	yes	yes	no	no	67	Olowalu	LLHS	KG	RN	LR	OPB	OPB200109	2033	Papalaua Beach	2020-01-09	8:06	2	NBBF	6	2	2					OPB200109	23.6	35.8	6.65	95.9	8.19	13.80	14.10	14.60	14.17	0.029				N	0	0	0	
yes	yes	yes	no	no	67	Olowalu	LLHS	KG	RN	LR	OPP	OPP200109	2034	Papalaua Pali	2020-01-09	8:21	2	NBBF	6	2	2					OPP200109	23.8	35.7	6.59	95.3	8.16	16.20	16.30	16.50	16.33	0.009				Slight Trickle	0	0	0	
yes	yes	no	no	no	68	Olowalu	LLHS	KG	LR	RN	OPM	OPM200130	2073	Martin Hale	2020-01-30	7:15	1	1	5	1	3					OPM200130	23.8	35.7	6.09	88.1	8.05	5.37	5.29	5.17	5.28	0.019				NA	0	0	0	
yes	yes	no	no	no	68	Olowalu	LLHS	KG	LR	RN	OCO	OCO200130	2028	Camp Olowalu	2020-01-30	7:35	1	1	5	1	3					OCO200130	24.7	35.8	6.55	96.4	8.08	3.27	3.40	3.44	3.37	0.026				NA	4	25	1	Large group of kayakers
yes	yes	no	no	no	68	Olowalu	LLHS	KG	LR	RN	OUB	OUB200130	2032	Ukumehame	2020-01-30	7:49	1	1	5	1	3					OUB200130	24.6	35.8	6.46	94.9	8.12	14.60	15.50	15.40	15.17	0.033				NA	0	0	0	
yes	yes	no	no	no	68	Olowalu	LLHS	KG	LR	RN	OPB	OPB200130	2033	Papalaua Beach	2020-01-30	8:01	1	1	5	1	3					OPB200130	24.8	35.9	6.73	99.2	8.14	6.51	5.80	6.23	6.18	0.058				NA	0	0	0	
yes	yes	no	no	no	68	Olowalu	LLHS	KG	LR	RN	OPP	OPP200130	2034	Papalaua Pali	2020-01-30	8:10	1	1	5	1	3					OPP200130	25.0	35.8	6.68	98.8	8.12	11.90	13.00	12.70	12.53	0.045				NA	0	0	0	
yes	yes	no	no	no	69	Olowalu	LLHS	RN	LR		OPM	OPM200220	2073	Martin Hale	2020-02-20	7:12	2	NBBF	6	2	2					OPM200220	22.1	35.8	6.18	86.4	8.14	2.05	2.05	2.18	2.09	0.036				N	0	0	0	Very windy sampling day!
yes	yes	no	no	no	69	Olowalu	LLHS	RN	LR		OCO	OCO200220	2028	Camp Olowalu	2020-02-20	7:32	2	NBBF	6	2	2					OCO200220	22.8	35.9	6.34	89.8	8.16	1.81	1.63	1.65	1.70	0.058				N	0	0	0	
yes	yes	no	no	no	69	Olowalu	LLHS	RN	LR		OUB	OUB200220	2032	Ukumehame	2020-02-20	7:45	2	NBBF	6	2	2					OUB200220	21.9	35.9	6.80	94.8	8.19	16.30	18.40	16.50	17.07	0.068				N	0	0	0	
yes	yes	no	no	no	69	Olowalu	LLHS	RN	LR		OPB	OPB200220	2033	Papalaua Beach	2020-02-20	8:00	2	NBBF	6	2	2					OPB200220	21.9	35.8	6.83	95.3	8.20	13.50	13.80	13.40	13.57	0.015				N	0	4	2	
yes	yes	no	no	no	69	Olowalu	LLHS	RN	LR		OPP	OPP200220	2034	Papalaua Pali	2020-02-20	8:12	2	NBBF	6	2	2					OPP200220	22.4	35.1	6.83	95.8	8.17	14.80	15.20	16.20	15.40	0.047				N	0	0	4	
yes	yes	no	no	no	70	Olowalu	LLHS	KG	LR	GA	OPM	OPM200312	2073	Martin Hale	2020-03-12	7:15	1	1	5	1	3					OPM200312	23.7	35.7	6.26	90.6	8.08	7.95	7.30	7.51	7.59	0.044				N	0	0	0	pretty rainy morning - misty all around
yes	yes	no	no	no	70	Olowalu	LLHS	KG	LR	GA	OCO	OCO200312	2028	Camp Olowalu	2020-03-12	7:35	1	1	5	1	3					OCO200312	24.2	35.6	6.58	96.1	8.11	2.71	2.97	2.73	2.80	0.052				N	12 kayaks	1	0	pretty rainy morning - misty all around
yes	yes	no	no	no	70	Olowalu	LLHS	KG	LR	GA	OUB	OUB200312	2032	Ukumehame	2020-03-12	7:52	1	1	5	1	3					OUB200312	24.3	35.7	6.75	98.9	8.14	12.70	12.50	13.10	12.77	0.024				N	0	0	0	pretty rainy morning - misty all around
yes	yes	no	no	no	70	Olowalu	LLHS	KG	LR	GA	OPB	OPB200312	2033	Papalaua Beach	2020-03-12	8:09	1	1	5	1	3					OPB200312	24.5	35.9	6.71	98.8	8.14	6.93	6.76	6.15	6.61	0.062				N	0	0	0	pretty rainy morning - misty all around
yes	yes	no	no	no	70	Olowalu	LLHS	KG	LR	GA	OPP	OPP200312	2034	Papalaua Pali	2020-03-12	8:21	1	1	5	1	3					OPP200312	24.5	35.8	6.66	98.0	8.14	6.42	5.76	6.68	6.29	0.075				N	0	0	0	pretty rainy morning - misty all around
yes	yes	yes	no	no	71	Olowalu	LLHS	TS	JS		OPM	OPM200514	2073	Martin Hale	2020-05-14	7:10	1	1	4	1	1					OPM200514	25.6	34.6	5.26	78.0	8.02	1.59	1.62	1.62	1.61	0.011				N	0	0	0	Meters and probes used were from the southside lab
yes	yes	yes	no	no	71	Olowalu	LLHS	TS	JS		OCO	OCO200514	2028	Camp Olowalu	2020-05-14	7:30	1	1	4	1	1					OCO200514	26.8	34.4	6.18	93.6	8.09	2.98	3.27	3.31	3.19	0.057				N	0	0	0	OPM: calm, like mirror lake - did DO/ salinity 2 times (2nd reading: 5.27 mg/L, 78.2%)
yes	yes	yes	no	no	71	Olowalu	LLHS	TS	JS		OUB	OUB200514	2032	Ukumehame	2020-05-14	7:48	1	1	4	1	1					OUB200514	26.5	34.6	6.40	96.4	8.12	14.20	14.00	13.20	13.80	0.038				N	0	0	0	OUB: surfers - no one within 100 yards
yes	yes	yes	no	no	71	Olowalu	LLHS	TS	JS		OPB	OPB200514	2033	Papalaua Beach	2020-05-14	8:08	1	1	4	1	1					OPB200514	26.8	35.1	6.52	99.1	8.14	6.65	5.63	6.05	6.11	0.084				N	0	0	0	
yes	yes	yes	no	no	71	Olowalu	LLHS	TS	JS		OPP	OPP200514	2034	Papalaua Pali	2020-05-14	8:20	1	1	4	1	1					OPP200514	26.8	34.9	6.57	99.8	8.13	4.80	4.96	4.95	4.90	0.018				N	0	0	0	
yes	yes	no	no	no	72	Olowalu	LLHS	GS	JS		OPM	OPM200616	2073	Martin Hale	2020-06-16	7:06	1	1	5	1	3					OPM200616	25.3	36.4	5.64	84.2	8.00	1.61	1.84	1.64	1.70	0.074				N	0	0	0	OCO - very fishy odor
yes	yes	no	no	no	72	Olowalu	LLHS	GS	JS		OCO	OCO200616	2028	Camp Olowalu	2020-06-16	7:29	1	1	5	1	3					OCO200616	25.8	36.5	6.25	94.1	8.07	3.97	3.54	3.69	3.73	0.058				N	0	0	0	
yes	yes	no	no	no	72	Olowalu	LLHS	GS	JS		OUB	OUB200616	2032	Ukumehame	2020-06-16	7:48	1	1	5	1	3					OUB200616	26.3	36.7	6.59	100.3	8.09	10.80	11.60	12.60	11.67	0.077				N	0	0	0	
yes	yes	no	no	no	72	Olowalu	LLHS	GS	JS		OPB	OPB200616	2033	Papalaua Beach	2020-06-16	8:04	1	1	5	1	3					OPB200616	26.2	36.7	6.80	103.6	8.12	4.17	4.01	4.66	4.28	0.079				N	0	0	0	
yes	yes	no	no	no	72	Olowalu	LLHS	GS	JS		OPP	OPP200616	2034	Papalaua Pali	2020-06-16	8:26	1	1	5	1	3					OPP200616	26.0	36.4	6.76	102.3	8.13	5.55	4.91	5.50	5.32	0.067				N	10	0	0	
yes	yes	no	no	no	73	Olowalu	LLHS	JS			OPM	OPM200709	2073	Martin Hale	2020-07-09	7:09	1	1	5	1	3					OPM200709	25.8	36.7	5.95	90.1	8.01	6.18	6.00	6.67	6.28	0.055				N	0	0	0	
yes	yes	no	no	no	73	Olowalu	LLHS	JS			OCO	OCO200709	2028	Camp Olowalu	2020-07-09	7:35	1	1	5	1	3					OCO200709	25.7	36.8	6.27	94.5	8.07	2.87	2.85	2.97	2.90	0.022				N	0	15	5	OCO- 5 Tents on beach
yes	yes	no	no	no	73	Olowalu	LLHS	JS			OUB	OUB200709	2032	Ukumehame	2020-07-09	7:53	1	1	5	1	3					OUB200709	25.6	36.7	6.61	99.5	8.08	29.70	29.90	29.30	29.63	0.010				N	1	0	0	OUB - Full parking lot - surfers
yes	yes	no	no	no	73	Olowalu	LLHS	JS			OPB	OPB200709	2033	Papalaua Beach	2020-07-09	8:15	1	1	5	1	3					OPB200709	25.4	36.8	6.80	102.1	8.08	4.45	4.19	4.13	4.26	0.040				N	0	0	0	
yes	yes	no	no	no	73	Olowalu	LLHS	JS			OPP	OPP200709	2034	Papalaua Pali	2020-07-09	8:29	1	1	5	1	3					OPP200709	25.9	36.6	6.72	101.5	8.13	11.30	11.70	10.50	11.17	0.055				N	3	12	0	OPP- Surf camp
yes	yes	no	no	no	74	Olowalu	LLHS	JS	GS	KG	OPM	OPM200730	2073	Martin Hale	2020-07-30	7:12	1	1	5	1	3					OPM200730	24.9	36.6	5.62	83.5	8.01	1.54	1.65	1.78	1.66	0.073				N	0	0	0	Changing blank turb vial tomorrow (7/31)
yes	yes	no	no	no	74	Olowalu	LLHS	JS	GS	KG	OCO	OCO200730	2028	Camp Olowalu	2020-07-30	7:31	1	1	5	1	3					OCO200730	25.6	36.7	5.93	89.3	8.06	1.09	1.15	1.28	1.17	0.083				N	0	0	0	
yes	yes	no	no	no	74	Olowalu	LLHS	JS	GS	KG	OUB	OUB200730	2032	Ukumehame	2020-07-30	7:48	1	1	5	1	3					OUB200730	24.7	36.8	6.44	95.6	8.07	6.37	6.72	6.53	6.54	0.027				N	0	0	0	
yes	yes	no	no	no	74	Olowalu	LLHS	JS	GS	KG	OPB	OPB200730	2033	Papalaua Beach	2020-07-30	8:00	1	1	5	1	3					OPB200730	25.0	36.7	6.72	100.3	8.12	6.42	6.59	6.91	6.64	0.037				N	0	0	0	
yes	yes	no	no	no	74	Olowalu	LLHS	JS	GS	KG	OPP	OPP200730	2034	Papalaua Pali	2020-07-30	8:15	1	1	5	1	3					OPP200730	25.7	36.4	6.51	98.1	8.11	3.75	3.94	3.74	3.81	0.030				N	0	0	0	