Copied to main database by Kim/Bill 	Checked by Dana	yes/no	yes/no	yes/no	#	R2RS, R2RN, Polanui, Olowalu	LLHS	initials	initials	initials	RCB	RCB031717	2020	Canoe Beach	08/22/17	9:22											deg C	ppt	mg/L	%					Do not enter here - calculated			0, 1, 2, 3, 4	0-8	0-5	0, 1, 5, 10, 20+	0, 1, 5, 10, 20+	0, 1, 5, 10, 20+	
		Nut_Sample	Nut_Dup	Sed_Sample	Session	Team	Lab	Sampler	Sampler2	Sampler3	Station	SampleID	Location	SiteName	Date	Time	40D#	2100Q#	pHInst#	DOInst#	SalInst#	Moon	Cloud_1_8	Rain_1_4	Wind_dir	SampleID2	Temp	Salinity	DO	DO%	pH	Turb1	Turb2	Turb3	Average Turbidity	CV Turbidity		Waves	Wind	Stream	Swimmers	On Beach	Campers	Comments
			Example:		26	R2RS	LLHS	CM	TF	MS	RCB	RCB170821	2020	Canoe Beach	2017-08-21	9:22:00	1	1	4	2	3	1	7	2		RCB170821	27.0	33.1	6.92	104.4	8.18	5.78	5.86	6.03	Calculated	Calculated		1	0		1	20	0	Windy but no rain
yes	yes	yes	no	no	1	R2RS	LLHS				RPO	RPO160614	2010	Pohaku	2016-06-14	8:03										RPO160614	25.7	33.3	6.86	102.1	8.11	13.90	13.90	13.90	13.90	0.000								
yes	yes	yes	no	no	1	R2RS	LLHS				RKS	RKS160614	2071	Kaanapali Shores	2016-06-14	8:37										RKS160614	24.9	23.8	6.86	100.6	8.07	16.80	16.80	16.80	16.80	0.000								
yes	yes	yes	no	no	1	R2RS	LLHS				RAB	RAB160614	2017	Airport Beach	2016-06-14	9:15										RAB160614	26.8	35.0	6.72	101.6	8.06	2.62	2.62	2.62	2.62	0.000								
yes	yes	yes	no	no	1	R2RS	LLHS				RCB	RCB160614	2020	Canoe Beach	2016-06-14	9:50										RCB160614	27.2	34.7	6.78	103.5	8.06	5.86	5.86	5.86	5.86	0.000								
yes	yes	yes	no	no	1	R2RS	LLHS				RWA	RWA160614	2021	Wahikuli	2016-06-14	10:24										RWA160614	27.3	34.6	6.66	101.8	8.15	3.47	3.47	3.47	3.47	0.000								
yes	yes	yes	no	no	2	R2RS	LLHS				RPO	RPO160628	2010	Pohaku	2016-06-28	7:25										RPO160628	25.7	26.4	6.71	100.0	8.09	11.73	11.73	11.73	11.73	0.000								
yes	yes	yes	no	no	2	R2RS	LLHS				RKS	RKS160628	2071	Kaanapali Shores	2016-06-28	7:54										RKS160628	24.2	22.2	6.90	100.3	8.13	9.79	9.79	9.79	9.79	0.000								
yes	yes	yes	no	no	2	R2RS	LLHS				RAB	RAB160628	2017	Airport Beach	2016-06-28	8:22										RAB160628	26.4	27.6	6.59	99.3	8.10	1.77	1.77	1.77	1.77	0.000								
yes	yes	yes	no	no	2	R2RS	LLHS				RCB	RCB160628	2020	Canoe Beach	2016-06-28	8:46										RCB160628	26.6	28.2	6.81	103.0	8.09	3.43	3.43	3.43	3.43	0.000								
yes	yes	yes	no	no	2	R2RS	LLHS				RWA	RWA160628	2021	Wahikuli	2016-06-28	9:06										RWA160628	26.9	27.9	6.77	103.0	8.13	3.13	3.13	3.13	3.13	0.000								
yes	yes	yes	no	no	3	R2RS	LLHS				RPO	RPO160712	2010	Pohaku	2016-07-12	7:19										RPO160712	26.6	33.1	6.49	97.4	8.09	5.14	5.14	5.14	5.14	0.000								
yes	yes	yes	no	no	3	R2RS	LLHS				RKS	RKS160712	2071	Kaanapali Shores	2016-07-12	7:49										RKS160712	26.0	39.1	6.53	100.1	8.07	3.90	3.90	3.90	3.90	0.000								
yes	yes	yes	no	no	3	R2RS	LLHS				RAB	RAB160712	2017	Airport Beach	2016-07-12	8:16										RAB160712	27.0	36.3	6.46	99.5	8.09	0.94	0.94	0.94	0.94	0.000								
yes	yes	yes	no	no	3	R2RS	LLHS				RCB	RCB160712	2020	Canoe Beach	2016-07-12	8:38										RCB160712	27.2	35.0	6.79	104.0	8.12	2.43	2.43	2.43	2.43	0.000								
yes	yes	yes	no	no	3	R2RS	LLHS				RWA	RWA160712	2021	Wahikuli	2016-07-12	9:02										RWA160712	27.4	35.7	6.66	102.7	8.16	3.41	3.41	3.41	3.41	0.000								
yes	yes	yes	no	no	4	R2RS	LLHS				RPO	RPO160726	2010	Pohaku	2016-07-26	7:21										RPO160726	26.8	34.1	6.28	94.9	8.12	9.22	9.22	9.22	9.22	0.000								
yes	yes	yes	no	no	4	R2RS	LLHS				RKS	RKS160726	2071	Kaanapali Shores	2016-07-26	7:50										RKS160726	26.8	35.3	6.48	98.4	8.07	6.16	6.16	6.16	6.16	0.000								
yes	yes	yes	no	no	4	R2RS	LLHS				RAB	RAB160726	2017	Airport Beach	2016-07-26	8:12										RAB160726	27.2	35.3	6.48	99.1	8.14	1.50	1.50	1.50	1.50	0.000								
yes	yes	yes	no	no	4	R2RS	LLHS				RCB	RCB160726	2020	Canoe Beach	2016-07-26	8:36										RCB160726	27.2	34.6	6.57	100.1	8.12	4.39	4.39	4.39	4.39	0.000								
yes	yes	yes	no	no	4	R2RS	LLHS				RWA	RWA160726	2021	Wahikuli	2016-07-26	8:59										RWA160726	27.4	34.8	6.51	99.8	8.15	3.22	3.22	3.22	3.22	0.000								
yes	yes	yes	no	no	5	R2RS	LLHS				RPO	RPO160809	2010	Pohaku	2016-08-09	7:20										RPO160809	26.5	34.4	6.23	93.8	8.09	4.59	4.59	4.59	4.59	0.000								
yes	yes	yes	no	no	5	R2RS	LLHS				RKS	RKS160809	2071	Kaanapali Shores	2016-08-09	7:45										RKS160809	25.8	34.9	6.38	95.1	8.03	5.81	5.81	5.81	5.81	0.000								
yes	yes	yes	no	no	5	R2RS	LLHS				RAB	RAB160809	2017	Airport Beach	2016-08-09	8:11										RAB160809	27.1	35.4	6.27	96.7	8.12	0.42	0.42	0.42	0.42	0.000								
yes	yes	yes	no	no	5	R2RS	LLHS				RCB	RCB160809	2020	Canoe Beach	2016-08-09	8:33										RCB160809	27.3	35.1	6.57	100.5	8.14	2.30	2.30	2.30	2.30	0.000								
yes	yes	yes	no	no	5	R2RS	LLHS				RWA	RWA160809	2021	Wahikuli	2016-08-09	8:52										RWA160809	27.2	35.3	6.58	100.6	8.16	0.73	0.73	0.73	0.73	0.000								
yes	yes	yes	no	no	6	R2RS	LLHS				RPO	RPO160823	2010	Pohaku	2016-08-23	7:15										RPO160823	27.1	34.5	5.90	90.2	7.86	3.98	3.98	3.98	3.98	0.000								
yes	yes	yes	no	no	6	R2RS	LLHS				RKS	RKS160823	2071	Kaanapali Shores	2016-08-23	7:39										RKS160823	26.6	26.7	6.36	92.5	8.04	10.63	10.63	10.63	10.63	0.000								
yes	yes	yes	no	no	6	R2RS	LLHS				RAB	RAB160823	2017	Airport Beach	2016-08-23	8:08										RAB160823	27.8	35.3	5.84	90.7	8.00	0.46	0.46	0.46	0.46	0.000								
yes	yes	yes	no	no	6	R2RS	LLHS				RCB	RCB160823	2020	Canoe Beach	2016-08-23	8:28										RCB160823	27.9	35.3	6.36	99.0	8.06	0.71	0.71	0.71	0.71	0.000								
yes	yes	yes	no	no	6	R2RS	LLHS				RWA	RWA160823	2021	Wahikuli	2016-08-23	8:47										RWA160823	28.0	35.7	6.23	97.4	8.06	0.63	0.63	0.63	0.63	0.000								
yes	yes	yes	no	no	7	R2RS	LLHS				RPO	RPO160906	2010	Pohaku	2016-09-06	7:21										RPO160906	26.7	34.9	6.31	95.4	8.11	10.90	10.90	10.90	10.90	0.000								
yes	yes	yes	no	no	7	R2RS	LLHS				RKS	RKS160906	2071	Kaanapali Shores	2016-09-06	7:50										RKS160906	26.1	35.5	6.42	96.7	8.15	6.16	6.16	6.16	6.16	0.000								
yes	yes	yes	no	no	7	R2RS	LLHS				RAB	RAB160906	2017	Airport Beach	2016-09-06	8:10										RAB160906	27.3	35.3	6.41	98.2	8.21	1.45	1.45	1.45	1.45	0.000								
yes	yes	yes	no	no	7	R2RS	LLHS				RCB	RCB160906	2020	Canoe Beach	2016-09-06	8:31										RCB160906	27.7	35.2	6.45	99.6	8.23	2.17	2.17	2.17	2.17	0.000								
yes	yes	yes	no	no	7	R2RS	LLHS				RWA	RWA160906	2021	Wahikuli	2016-09-06	8:54										RWA160906	27.8	35.4	6.42	99.3	8.23	3.24	3.24	3.24	3.24	0.000								
yes	yes	yes	no	no	8	R2RS	LLHS				RPO	RPO160920	2010	Pohaku	2016-09-20	7:15										RPO160920	26.4	35.7	6.22	94.4	7.98	8.26	8.26	8.26	8.26	0.000								
yes	yes	yes	no	no	8	R2RS	LLHS				RKS	RKS160920	2071	Kaanapali Shores	2016-09-20	7:30										RKS160920	25.9	32.4	6.52	96.2	8.00	12.07	12.07	12.07	12.07	0.000								
yes	yes	yes	no	no	8	R2RS	LLHS				RAB	RAB160920	2017	Airport Beach	2016-09-20	7:50										RAB160920	27.1	35.6	6.31	96.6	8.03	1.27	1.27	1.27	1.27	0.000								
yes	yes	yes	no	no	8	R2RS	LLHS				RCB	RCB160920	2020	Canoe Beach	2016-09-20	8:10										RCB160920	27.4	36.1	6.34	97.7	8.02	3.09	3.09	3.09	3.09	0.000								
yes	yes	yes	no	no	8	R2RS	LLHS				RWA	RWA160920	2021	Wahikuli	2016-09-20	8:30										RWA160920	27.4	36.7	6.33	98.0	8.05	3.19	3.19	3.19	3.19	0.000								
yes	yes	yes	no	no	9	R2RS	LLHS				RPO	RPO161004	2010	Pohaku	2016-10-04	7:37										RPO161004	26.9	34.4	6.03	91.4	8.09	5.38	5.38	5.38	5.38	0.000								
yes	yes	yes	no	no	9	R2RS	LLHS				RKS	RKS161004	2071	Kaanapali Shores	2016-10-04	7:58										RKS161004	26.9	34.4	6.20	94.1	8.08	7.76	7.76	7.76	7.76	0.000								
yes	yes	yes	no	no	9	R2RS	LLHS				RAB	RAB161004	2017	Airport Beach	2016-10-04	8:17										RAB161004	27.8	34.3	6.19	95.2	8.12	0.52	0.52	0.52	0.52	0.000								
yes	yes	yes	no	no	9	R2RS	LLHS				RCB	RCB161004	2020	Canoe Beach	2016-10-04	8:35										RCB161004	27.9	34.0	6.42	98.8	8.15	1.99	1.99	1.99	1.99	0.000								
yes	yes	yes	no	no	9	R2RS	LLHS				RWA	RWA161004	2021	Wahikuli	2016-10-04	8:53										RWA161004	27.8	34.6	6.35	97.9	8.17	1.84	1.84	1.84	1.84	0.000								
yes	yes	yes	no	no	10	R2RS	LLHS				RPO	RPO161018	2010	Pohaku	2016-10-18	7:39										RPO161018	26.6	36.0	6.23	95.0	7.95	8.45	8.45	8.45	8.45	0.000								
yes	yes	yes	no	no	10	R2RS	LLHS				RKS	RKS161018	2071	Kaanapali Shores	2016-10-18	8:02										RKS161018	26.1	35.6	6.31	95.2	7.96	5.78	5.78	5.78	5.78	0.000								
yes	yes	yes	no	no	10	R2RS	LLHS				RAB	RAB161018	2017	Airport Beach	2016-10-18	8:22										RAB161018	26.9	36.7	6.28	96.3	7.99	0.70	0.70	0.70	0.70	0.000								
yes	yes	yes	no	no	10	R2RS	LLHS				RCB	RCB161018	2020	Canoe Beach	2016-10-18	8:40										RCB161018	27.2	#N/A	6.22	96.3	8.01	0.93	0.93	0.93	0.93	0.000								
yes	yes	yes	no	no	10	R2RS	LLHS				RWA	RWA161018	2021	Wahikuli	2016-10-18	8:57										RWA161018	27.3	36.6	6.20	95.9	8.09	0.90	0.90	0.90	0.90	0.000								
yes	yes	yes	no	no	11	R2RS	LLHS				RPO	RPO161101	2010	Pohaku	2016-11-01	7:44										RPO161101	24.8	34.3	6.34	92.1	8.07	7.83	7.83	7.83	7.83	0.000								
yes	yes	yes	no	no	11	R2RS	LLHS				RKS	RKS161101	2071	Kaanapali Shores	2016-11-01	8:01										RKS161101	24.7	33.5	6.68	96.7	8.08	3.08	3.08	3.08	3.08	0.000								
yes	yes	yes	no	no	11	R2RS	LLHS				RAB	RAB161101	2017	Airport Beach	2016-11-01	8:18										RAB161101	25.5	34.4	6.43	94.7	8.10	1.40	1.40	1.40	1.40	0.000								
yes	yes	yes	no	no	11	R2RS	LLHS				RCB	RCB161101	2020	Canoe Beach	2016-11-01	8:36										RCB161101	26.0	34.0	6.38	95.8	8.12	1.38	1.38	1.38	1.38	0.000								
yes	yes	yes	no	no	11	R2RS	LLHS				RWA	RWA161101	2021	Wahikuli	2016-11-01	8:55										RWA161101	26.4	34.4	6.38	95.4	8.15	0.91	0.91	0.91	0.91	0.000								
yes	yes	yes	no	no	12	R2RS	LLHS				RPO	RPO161115	2010	Pohaku	2016-11-15	7:41										RPO161115	24.7	34.2	6.52	94.9	8.08	4.23	4.23	4.23	4.23	0.000								
yes	yes	yes	no	no	12	R2RS	LLHS				RKS	RKS161115	2071	Kaanapali Shores	2016-11-15	8:06										RKS161115	25.5	34.3	7.96	96.7	8.15	5.67	5.67	5.67	5.67	0.000								
yes	yes	yes	no	no	12	R2RS	LLHS				RAB	RAB161115	2017	Airport Beach	2016-11-15	8:29										RAB161115	25.8	34.4	6.49	96.2	8.14	1.46	1.46	1.46	1.46	0.000								
yes	yes	yes	no	no	12	R2RS	LLHS				RCB	RCB161115	2020	Canoe Beach	2016-11-15	8:49										RCB161115	26.5	34.2	6.38	95.8	8.14	1.66	1.66	1.66	1.66	0.000								
yes	yes	yes	no	no	12	R2RS	LLHS				RWA	RWA161115	2021	Wahikuli	2016-11-15	9:05										RWA161115	26.4	33.3	6.45	96.2	8.12	1.42	1.42	1.42	1.42	0.000								
yes	yes	yes	no	no	13	R2RS	LLHS				RPO	RPO161129	2010	Pohaku	2016-11-29	7:41										RPO161129	24.4	34.2	6.36	92.0	8.05	5.69	5.69	5.69	5.69	0.000								
yes	yes	yes	no	no	13	R2RS	LLHS				RKS	RKS161129	2071	Kaanapali Shores	2016-11-29	8:03										RKS161129	24.0	33.9	6.68	95.7	8.07	6.36	6.36	6.36	6.36	0.000								
yes	yes	yes	no	no	13	R2RS	LLHS				RAB	RAB161129	2017	Airport Beach	2016-11-29	8:22										RAB161129	25.1	34.3	6.52	95.2	8.14	1.56	1.56	1.56	1.56	0.000								
yes	yes	yes	no	no	13	R2RS	LLHS				RCB	RCB161129	2020	Canoe Beach	2016-11-29	8:42										RCB161129	25.4	33.8	6.53	95.4	8.04	1.46	1.46	1.46	1.46	0.000								
yes	yes	yes	no	no	13	R2RS	LLHS				RWA	RWA161129	2021	Wahikuli	2016-11-29	8:59										RWA161129	25.4	33.6	6.49	95.0	8.13	1.49	1.49	1.49	1.49	0.000								
yes	yes	yes	no	no	14	R2RS	LLHS				RPO	RPO161213	2010	Pohaku	2016-12-13	7:36										RPO161213	24.7	34.1	6.56	95.5	7.95	8.48	8.48	8.48	8.48	0.000								
yes	yes	yes	no	no	14	R2RS	LLHS				RKS	RKS161213	2071	Kaanapali Shores	2016-12-13	8:03										RKS161213	24.3	32.7	6.65	95.6	8.07	5.80	5.80	5.80	5.80	0.000								
yes	yes	yes	no	no	14	R2RS	LLHS				RAB	RAB161213	2017	Airport Beach	2016-12-13	8:24										RAB161213	25.3	34.7	6.60	97.4	8.02	1.21	1.21	1.21	1.21	0.000								
yes	yes	yes	no	no	14	R2RS	LLHS				RCB	RCB161213	2020	Canoe Beach	2016-12-13	8:46										RCB161213	25.3	34.5	6.57	97.1	8.09	3.32	3.32	3.32	3.32	0.000								
yes	yes	yes	no	no	14	R2RS	LLHS				RWA	RWA161213	2021	Wahikuli	2016-12-13	9:03										RWA161213	25.3	34.1	6.59	97.2	8.11	0.97	0.97	0.97	0.97	0.000								
yes	yes	yes	no	no	15	R2RS	LLHS				RPO	RPO170103	2010	Pohaku	2017-01-03	8:45										RPO170103	24.1	34.7	6.45	93.3	8.16	5.01	5.01	5.01	5.01	0.000								
yes	yes	yes	no	no	15	R2RS	LLHS				RKS	RKS170103	2071	Kaanapali Shores	2017-01-03	9:10										RKS170103	23.0	29.5	7.07	97.5	8.21	3.78	3.78	3.78	3.78	0.000								
yes	yes	yes	no	no	15	R2RS	LLHS				RAB	RAB170103	2017	Airport Beach	2017-01-03	9:30										RAB170103	24.4	34.6	6.57	95.5	8.18	2.49	2.49	2.49	2.49	0.000								
yes	yes	yes	no	no	15	R2RS	LLHS				RCB	RCB170103	2020	Canoe Beach	2017-01-03	9:55										RCB170103	24.9	34.5	6.66	97.6	8.21	1.42	1.42	1.42	1.42	0.000								
yes	yes	yes	no	no	15	R2RS	LLHS				RWA	RWA170103	2021	Wahikuli	2017-01-03	10:15										RWA170103	24.8	34.9	6.49	95.3	8.20	0.93	0.93	0.93	0.93	0.000								
yes	yes	yes	no	no	16	R2RS	LLHS				RPO	RPO170124	2010	Pohaku	2017-01-24	7:38										RPO170124	23.5	34.3	#N/A	96.4	8.14	12.07	12.07	12.07	12.07	0.000								
yes	yes	yes	no	no	16	R2RS	LLHS				RKS	RKS170124	2071	Kaanapali Shores	2017-01-24	8:07										RKS170124	23.1	30.8	7.01	97.3	8.17	6.31	6.31	6.31	6.31	0.000								
yes	yes	yes	no	no	16	R2RS	LLHS				RAB	RAB170124	2017	Airport Beach	2017-01-24	8:29										RAB170124	24.1	#N/A	6.46	94.5	8.16	4.08	4.08	4.08	4.08	0.000								
yes	yes	yes	no	no	16	R2RS	LLHS				RCB	RCB170124	2020	Canoe Beach	2017-01-24	8:50										RCB170124	24.5	#N/A	6.57	96.3	8.18	0.80	0.80	0.80	0.80	0.000								
yes	yes	yes	no	no	16	R2RS	LLHS				RWA	RWA170124	2021	Wahikuli	2017-01-24	9:07										RWA170124	24.5	34.7	6.69	97.3	8.20	1.15	1.15	1.15	1.15	0.000								
yes	yes	yes	no	no	17	R2RS	LLHS				RNS	RNS170214	2006	Napili Bay	2017-02-14	7:52										RNS170214	24.2	34.9	6.80	98.7	8.15	0.84	0.84	0.84	0.84	0.000								
yes	yes	yes	no	no	17	R2RS	LLHS				RPO	RPO170214	2010	Pohaku	2017-02-14	8:25										RPO170214	24.0	34.5	6.71	97.0	8.15	3.81	3.81	3.81	3.81	0.000								
yes	yes	yes	no	no	17	R2RS	LLHS				RKS	RKS170214	2071	Kaanapali Shores	2017-02-14	8:45										RKS170214	24.1	34.7	6.77	98.0	8.14	6.60	6.60	6.60	6.60	0.000								
yes	yes	yes	no	no	17	R2RS	LLHS				RAB	RAB170214	2017	Airport Beach	2017-02-14	9:13										RAB170214	24.5	34.6	6.81	99.1	8.19	5.25	5.25	5.25	5.25	0.000								
yes	yes	yes	no	no	17	R2RS	LLHS				RCB	RCB170214	2020	Canoe Beach	2017-02-14	9:38										RCB170214	24.7	34.3	6.75	98.6	8.19	1.47	1.47	1.47	1.47	0.000								
yes	yes	yes	no	no	17	R2RS	LLHS				RWA	RWA170214	2021	Wahikuli	2017-02-14	10:00										RWA170214	24.7	33.9	6.78	98.7	8.20	1.04	1.04	1.04	1.04	0.000								
yes	yes	yes	no	no	18	R2RS	LLHS				RNS	RNS170307	2006	Napili Bay	2017-03-07	7:40										RNS170307	24.2	34.5	6.75	97.9	8.16	1.80	1.80	1.80	1.80	0.000								
yes	yes	yes	no	no	18	R2RS	LLHS				RPO	RPO170307	2010	Pohaku	2017-03-07	8:03										RPO170307	24.2	32.8	6.81	97.7	8.14	9.51	9.51	9.51	9.51	0.000								
yes	yes	yes	no	no	18	R2RS	LLHS				RKS	RKS170307	2071	Kaanapali Shores	2017-03-07	8:25										RKS170307	24.3	34.6	6.82	99.1	8.15	8.40	8.40	8.40	8.40	0.000								
yes	yes	yes	no	no	18	R2RS	LLHS				RAB	RAB170307	2017	Airport Beach	2017-03-07	8:45										RAB170307	24.5	34.2	6.70	97.5	8.15	7.20	7.20	7.20	7.20	0.000								
yes	yes	yes	no	no	18	R2RS	LLHS				RCB	RCB170307	2020	Canoe Beach	2017-03-07	9:04										RCB170307	24.9	33.7	6.69	97.6	8.17	3.84	3.84	3.84	3.84	0.000								
yes	yes	yes	no	no	18	R2RS	LLHS				RWA	RWA170307	2021	Wahikuli	2017-03-07	9:25										RWA170307	24.9	32.9	6.79	98.6	8.19	2.11	2.11	2.11	2.11	0.000								
yes	yes	yes	no	no	19	R2RS	LLHS				RNS	RNS170328	2006	Napili Bay	2017-03-28	7:41										RNS170328	24.4	34.4	6.75	97.6	8.11	0.84	0.84	0.84	0.84	0.000								
yes	yes	yes	no	no	19	R2RS	LLHS				RPO	RPO170328	2010	Pohaku	2017-03-28	8:06										RPO170328	24.4	33.4	6.62	95.1	8.12	3.33	3.33	3.33	3.33	0.000								
yes	yes	yes	no	no	19	R2RS	LLHS				RKS	RKS170328	2071	Kaanapali Shores	2017-03-28	8:28										RKS170328	24.6	34.4	6.62	96.3	8.11	5.24	5.24	5.24	5.24	0.000								
yes	yes	yes	no	no	19	R2RS	LLHS				RAB	RAB170328	2017	Airport Beach	2017-03-28	8:43										RAB170328	25.4	34.0	6.71	98.4	8.18	1.88	1.88	1.88	1.88	0.000								
yes	yes	yes	no	no	19	R2RS	LLHS				RCB	RCB170328	2020	Canoe Beach	2017-03-28	9:02										RCB170328	25.6	33.3	6.76	99.1	8.18	2.17	2.17	2.17	2.17	0.000								
yes	yes	yes	no	no	19	R2RS	LLHS				RWA	RWA170328	2021	Wahikuli	2017-03-28	9:21										RWA170328	25.4	32.9	6.77	98.8	8.19	0.63	0.63	0.63	0.63	0.000								
yes	yes	yes	no	no	20	R2RS	LLHS				RNS	RNS170418	2006	Napili Bay	2017-04-18	7:48										RNS170418	24.8	34.0	6.84	99.5	8.15	1.00	1.00	1.00	1.00	0.000								
yes	yes	yes	no	no	20	R2RS	LLHS				RPO	RPO170418	2010	Pohaku	2017-04-18	8:12										RPO170418	24.8	31.8	6.59	94.6	8.17	3.24	3.24	3.24	3.24	0.000								
yes	yes	yes	no	no	20	R2RS	LLHS				RKS	RKS170418	2071	Kaanapali Shores	2017-04-18	8:34										RKS170418	24.1	24.4	7.26	98.6	8.22	2.59	2.59	2.59	2.59	0.000								
yes	yes	yes	no	no	20	R2RS	LLHS				RAB	RAB170418	2017	Airport Beach	2017-04-18	8:53										RAB170418	26.1	33.5	6.53	96.9	8.16	0.96	0.96	0.96	0.96	0.000								
yes	yes	yes	no	no	20	R2RS	LLHS				RCB	RCB170418	2020	Canoe Beach	2017-04-18	9:10										RCB170418	26.1	33.1	6.60	97.7	8.16	1.02	1.02	1.02	1.02	0.000								
yes	yes	yes	no	no	20	R2RS	LLHS				RWA	RWA170418	2021	Wahikuli	2017-04-18	9:26										RWA170418	25.9	33.0	6.57	96.8	8.18	0.92	0.92	0.92	0.92	0.000								
yes	yes	yes	no	no	21	R2RS	LLHS				RNS	RNS170509	2006	Napili Bay	2017-05-09	7:35										RNS170509	25.3	33.2	7.20	102.6	8.12	0.75	0.75	0.75	0.75	0.000								
yes	yes	yes	no	no	21	R2RS	LLHS				RPO	RPO170509	2010	Pohaku	2017-05-09	8:00										RPO170509	25.4	32.3	6.78	98.9	8.16	2.06	2.06	2.06	2.06	0.000								
yes	yes	yes	no	no	21	R2RS	LLHS				RKS	RKS170509	2071	Kaanapali Shores	2017-05-09	8:22										RKS170509	25.5	34.0	6.88	101.6	8.14	2.59	2.59	2.59	2.59	0.000								
yes	yes	yes	no	no	21	R2RS	LLHS				RAB	RAB170509	2017	Airport Beach	2017-05-09	8:45										RAB170509	26.1	33.6	6.96	103.7	8.20	1.48	1.48	1.48	1.48	0.000								
yes	yes	yes	no	no	21	R2RS	LLHS				RCB	RCB170509	2020	Canoe Beach	2017-05-09	9:02										RCB170509	26.2	32.3	6.92	102.2	8.19	2.50	2.50	2.50	2.50	0.000								
yes	yes	yes	no	no	21	R2RS	LLHS				RWA	RWA170509	2021	Wahikuli	2017-05-09	9:20										RWA170509	26.0	33.0	6.86	101.5	8.21	0.78	0.78	0.78	0.78	0.000								
yes	yes	yes	no	no	22	R2RS	LLHS				RNS	RNS170530	2006	Napili Bay	2017-05-30	7:40										RNS170530	25.7	33.9	6.92	102.2	8.09	1.07	1.07	1.07	1.07	0.000								
yes	yes	yes	no	no	22	R2RS	LLHS				RPO	RPO170530	2010	Pohaku	2017-05-30	8:06										RPO170530	26.1	33.1	6.82	100.9	8.13	4.20	4.20	4.20	4.20	0.000								
yes	yes	yes	no	no	22	R2RS	LLHS				RKS	RKS170530	2071	Kaanapali Shores	2017-05-30	8:23										RKS170530	26.0	34.5	6.83	101.8	8.09	2.80	2.80	2.80	2.80	0.000								
yes	yes	yes	no	no	22	R2RS	LLHS				RAB	RAB170530	2017	Airport Beach	2017-05-30	8:47										RAB170530	26.5	34.3	6.83	102.3	8.16	1.25	1.25	1.25	1.25	0.000								
yes	yes	yes	no	no	22	R2RS	LLHS				RCB	RCB170530	2020	Canoe Beach	2017-05-30	9:04										RCB170530	26.4	33.9	6.87	102.9	8.16	5.07	5.07	5.07	5.07	0.000								
yes	yes	yes	no	no	22	R2RS	LLHS				RWA	RWA170530	2021	Wahikuli	2017-05-30	9:20										RWA170530	26.4	33.8	6.78	101.4	8.16	3.10	3.10	3.10	3.10	0.000								
yes	yes	yes	no	no	23	R2RS	LLHS				RNS	RNS170620	2006	Napili Bay	2017-06-20	7:41										RNS170620	26.2	33.6	6.90	102.9	8.10	1.94	1.94	1.94	1.94	0.000								
yes	yes	yes	no	no	23	R2RS	LLHS				RPO	RPO170620	2010	Pohaku	2017-06-20	8:07										RPO170620	25.7	30.5	6.96	101.1	8.16	7.10	7.10	7.10	7.10	0.000								
yes	yes	yes	no	no	23	R2RS	LLHS				RKS	RKS170620	2071	Kaanapali Shores	2017-06-20	8:28										RKS170620	26.3	34.4	6.70	100.4	8.12	5.17	5.17	5.17	5.17	0.000								
yes	yes	yes	no	no	23	R2RS	LLHS				RAB	RAB170620	2017	Airport Beach	2017-06-20	8:46										RAB170620	26.7	34.2	6.64	100.2	8.17	2.09	2.09	2.09	2.09	0.000								
yes	yes	yes	no	no	23	R2RS	LLHS				RCB	RCB170620	2020	Canoe Beach	2017-06-20	9:04										RCB170620	27.0	34.0	6.75	102.1	8.16	6.09	6.09	6.09	6.09	0.000								
yes	yes	yes	no	no	23	R2RS	LLHS				RWA	RWA170620	2021	Wahikuli	2017-06-20	9:22										RWA170620	26.9	33.9	6.76	102.2	8.17	4.98	4.98	4.98	4.98	0.000								
yes	yes	yes	no	no	24	R2RS	LLHS				RNS	RNS170711	2006	Napili Bay	2017-07-11	7:55										RNS170711	26.6	32.8	6.60	98.6	8.08	0.83	0.83	0.83	0.83	0.000								
yes	yes	yes	no	no	24	R2RS	LLHS				RPO	RPO170711	2010	Pohaku	2017-07-11	8:21										RPO170711	26.6	32.1	6.18	91.9	8.14	1.15	1.15	1.15	1.15	0.000								
yes	yes	yes	no	no	24	R2RS	LLHS				RKS	RKS170711	2071	Kaanapali Shores	2017-07-11	8:43										RKS170711	26.6	34.1	5.82	86.7	8.07	1.99	1.99	1.99	1.99	0.000								
yes	yes	yes	no	no	24	R2RS	LLHS				RAB	RAB170711	2017	Airport Beach	2017-07-11	9:05										RAB170711	27.4	33.4	6.23	94.6	8.16	0.34	0.34	0.34	0.34	0.000								
yes	yes	yes	no	no	24	R2RS	LLHS				RCB	RCB170711	2020	Canoe Beach	2017-07-11	9:25										RCB170711	27.3	33.0	6.56	99.3	8.17	0.92	0.92	0.92	0.92	0.000								
yes	yes	yes	no	no	24	R2RS	LLHS				RWA	RWA170711	2021	Wahikuli	2017-07-11	9:44										RWA170711	27.3	34.1	6.33	96.3	8.18	0.67	0.67	0.67	0.67	0.000								
yes	yes	yes	no	no	25	R2RS	LLHS				RNS	RNS170801	2006	Napili Bay	2017-08-01	8:00										RNS170801	26.9	32.9	6.75	101.4	8.09	0.74	0.74	0.74	0.74	0.000								
yes	yes	yes	no	no	25	R2RS	LLHS				RPO	RPO170801	2010	Pohaku	2017-08-01	8:28										RPO170801	26.9	32.6	6.54	98.2	8.16	2.34	2.34	2.34	2.34	0.000								
yes	yes	yes	no	no	25	R2RS	LLHS				RKS	RKS170801	2071	Kaanapali Shores	2017-08-01	8:52										RKS170801	26.9	34.1	5.88	88.9	8.07	3.17	3.17	3.17	3.17	0.000								
yes	yes	yes	no	no	25	R2RS	LLHS				RAB	RAB170801	2017	Airport Beach	2017-08-01	9:14										RAB170801	27.5	34.0	6.41	98.0	8.15	0.35	0.35	0.35	0.35	0.000								
yes	yes	yes	no	no	25	R2RS	LLHS				RCB	RCB170801	2020	Canoe Beach	2017-08-01	9:36										RCB170801	27.6	33.9	6.67	102.0	8.18	4.70	4.70	4.70	4.70	0.000								
yes	yes	yes	no	no	25	R2RS	LLHS				RWA	RWA170801	2021	Wahikuli	2017-08-01	9:58										RWA170801	27.6	34.2	6.63	101.5	8.18	0.56	0.56	0.56	0.56	0.000								
yes	yes	yes	no	no	26	R2RS	LLHS				RNS	RNS170822	2006	Napili Bay	2017-08-22	7:55										RNS170822	26.4	33.6	6.61	99.0	8.04	1.52	1.52	1.52	1.52	0.000								
yes	yes	yes	no	no	26	R2RS	LLHS				RPO	RPO170822	2010	Pohaku	2017-08-22	8:21										RPO170822	26.6	33.6	6.20	93.1	8.11	1.07	1.07	1.07	1.07	0.000								
yes	yes	yes	no	no	26	R2RS	LLHS				RKS	RKS170822	2071	Kaanapali Shores	2017-08-22	8:43										RKS170822	26.5	31.1	6.42	94.9	8.11	2.93	2.93	2.93	2.93	0.000								
yes	yes	yes	no	no	26	R2RS	LLHS				RAB	RAB170822	2017	Airport Beach	2017-08-22	9:03										RAB170822	27.0	34.5	6.57	100.0	8.17	0.41	0.41	0.41	0.41	0.000								
yes	yes	yes	no	no	26	R2RS	LLHS				RCB	RCB170822	2020	Canoe Beach	2017-08-22	9:22										RCB170822	27.0	33.1	6.92	104.4	8.18	5.89	5.89	5.89	5.89	0.000								
yes	yes	yes	no	no	26	R2RS	LLHS				RWA	RWA170822	2021	Wahikuli	2017-08-22	9:46										RWA170822	27.1	34.0	6.63	100.6	8.17	1.57	1.57	1.57	1.57	0.000								
yes	yes	yes	no	no	27	R2RS	LLHS				RNS	RNS170912	2006	Napili Bay	2017-09-12	7:56										RNS170912	27.1	34.4	6.31	96.5	8.08	1.20	1.20	1.20	1.20	0.000								
yes	yes	yes	no	no	27	R2RS	LLHS				RPO	RPO170912	2010	Pohaku	2017-09-12	8:22										RPO170912	27.5	34.3	6.32	96.9	8.13	6.88	6.88	6.88	6.88	0.000								
yes	yes	yes	no	no	27	R2RS	LLHS				RKS	RKS170912	2071	Kaanapali Shores	2017-09-12	8:42										RKS170912	27.4	34.5	6.07	93.0	8.08	6.49	6.49	6.49	6.49	0.000								
yes	yes	yes	no	no	27	R2RS	LLHS				RAB	RAB170912	2017	Airport Beach	2017-09-12	9:02										RAB170912	28.1	34.5	6.38	98.8	8.15	0.53	0.53	0.53	0.53	0.000								
yes	yes	yes	no	no	27	R2RS	LLHS				RCB	RCB170912	2020	Canoe Beach	2017-09-12	9:22										RCB170912	28.0	34.7	6.60	102.3	8.18	1.70	1.70	1.70	1.70	0.000								
yes	yes	yes	no	no	27	R2RS	LLHS				RWA	RWA170912	2021	Wahikuli	2017-09-12	9:38										RWA170912	28.0	34.6	6.51	100.8	8.17	1.25	1.25	1.25	1.25	0.000								
yes	yes	yes	no	no	28	R2RS	LLHS	TF	MS	TS	RNS	RNS171003	2006	Napili Bay	2017-10-03	8:14	1	1	4	2	3	14	0	0	Trades	RNS171003	27.0	33.7	6.59	101.0	8.14	2.33	2.48	2.51	2.44	0.040		1	0		0	6	0	RNS erosion, drop off more evident
yes	yes	yes	no	no	28	R2RS	LLHS	TF	MS	TS	RPO	RPO171003	2010	Pohaku	2017-10-03	8:40	1	1	4	2	3	14	0	0	Trades	RPO171003	26.8	32.4	6.29	94.6	8.15	3.15	3.46	5.79	4.13	0.349		2	1		2	2	0	RPO surf is up today
yes	yes	yes	no	no	28	R2RS	LLHS	TF	MS	TS	RKS	RKS171003	2071	Kaanapali Shores	2017-10-03	8:58	1	1	4	2	3	14	0	0	Trades	RKS171003	27.1	34.2	6.41	97.8	8.11	3.05	3.22	3.39	3.22	0.053		1	0		3	9	0	RKS beach very busy
yes	yes	yes	no	no	28	R2RS	LLHS	TF	MS	TS	RAB	RAB171003	2017	Airport Beach	2017-10-03	9:16	1	1	4	2	3	14	0	0	Trades	RAB171003	27.9	34.0	6.49	100.0	8.19	0.50	0.79	0.67	0.65	0.223		1	1		10	10	0	RAB beach very busy
yes	yes	yes	no	no	28	R2RS	LLHS	TF	MS	TS	RCB	RCB171003	2020	Canoe Beach	2017-10-03	9:36	1	1	4	2	3	14	0	0	Trades	RCB171003	28.0	33.3	6.59	101.3	8.19	5.65	6.58	6.00	6.08	0.077		0	0		3	6	0	
yes	yes	yes	no	no	28	R2RS	LLHS	TF	MS	TS	RWA	RWA171003	2021	Wahikuli	2017-10-03	9:52	1	1	4	2	3	14	0	0	Trades	RWA171003	27.6	33.4	6.52	99.8	8.20	0.50	0.50	0.49	0.50	0.012		1	1		2	0	0	
yes	yes	yes	no	no	29	R2RS	LLHS	TF	CM		RNS	RNS171024	2006	Napili Bay	2017-10-24	8:24	2	3	3	1	2	5	8	4	Kona	RNS171024	26.3	33.5	6.31	94.8	8.10	17.50	16.20	16.50	16.73	0.041		1	0		2	1	0	huge rain storm last night with thunder, ligtning, winds - power outages all over Maui, light rain while taking sample
yes	yes	yes	no	no	29	R2RS	LLHS	TF	CM		RPO	RPO171024	2010	Pohaku	2017-10-24	8:50	2	3	3	1	2	5	7	4	Kona	RPO171024	26.5	33.3	6.34	96.3	8.15	14.50	15.60	15.30	15.13	0.038		1	0		0	0	0	huge rain storm last night with thunder, ligtning, winds - power outages all over Maui - no rain while sampling - water brown near shore, no rain while taking sample
yes	yes	yes	no	no	29	R2RS	LLHS	TF	CM		RKS	RKS171024	2071	Kaanapali Shores	2017-10-24	9:13	2	3	3	1	2	5	8	4	Kona	RKS171024	26.7	33.2	6.60	99.5	8.16	5.48	5.43	5.47	5.46	0.005		1	0		0	6	0	huge rain storm last night with thunder, ligtning, winds - power outages all over Maui -  while taking sample saw minor flooding in parking lot diverted to beach, while there diverted water was not going into the ocean, light rain while taking sample
yes	yes	yes	no	no	29	R2RS	LLHS	TF	CM		RAB	RAB171024	2017	Airport Beach	2017-10-24	9:35	2	3	3	1	2	5	2	4	Kona	RAB171024	27.0	33.6	6.57	99.8	8.18	1.81	1.78	1.66	1.75	0.045		0	1		9	21	0	huge rain storm last night with thunder, ligtning, winds - power outages all over Maui, no rain while taking sample
yes	yes	yes	no	no	29	R2RS	LLHS	TF	CM		RCB	RCB171024	2020	Canoe Beach	2017-10-24	9:57	2	3	3	1	2	5	7	4	Kona	RCB171024	26.9	33.2	6.68	101.1	8.17	9.88	9.97	9.81	9.89	0.008		1	0		0	2	0	huge rain storm last night with thunder, ligtning, winds - power outages all over Maui, light rain while taking sample, one dog noted on beach
yes	yes	yes	no	no	29	R2RS	LLHS	TF	CM		RWA	RWA171024	2021	Wahikuli	2017-10-24	10:20	2	3	3	1	2	5	8	4	Kona	RWA171024	26.9	33.1	6.67	100.9	8.19	6.20	5.87	7.69	6.59	0.147		1	1		0	0	2	huge rain storm last night with thunder, ligtning, winds - power outages all over Maui, no rain while taking sample (not in data sheet CM)
yes	yes	yes	no	no	30	R2RS	LLHS	TF	MS	BJ	RNS	RNS171114	2006	Napili Bay	2017-11-14	8:16	1	1	4	2	3	26	1	1	Trades	RNS171114	26.0	34.9	6.71	100.8	8.16	1.15	1.08	1.20	1.14	0.053		2	0		0	10	0	at Napili Bay sampled 20 yards north of usual testing site because of the shore break, misty rain while sampling
yes	yes	yes	no	no	30	R2RS	LLHS	TF	MS	BJ	RPO	RPO171114	2010	Pohaku	2017-11-14	8:45	1	1	4	2	3	26	1	1	Trades	RPO171114	25.9	32.2	6.77	99.7	8.17	8.73	8.62	9.81	9.05	0.073		2	0		10	2	0	at Pohaku gave 4 cards to man who said he signed up on web site, may want to volunteer. will put up at Kahana, Napili, Canoe Beach - misty rain while sampling
yes	yes	yes	no	no	30	R2RS	LLHS	TF	MS	BJ	RKS	RKS171114	2071	Kaanapali Shores	2017-11-14	9:10	1	1	4	2	3	26	1	0	Trades	RKS171114	26.1	34.8	6.73	101.0	8.18	2.84	2.70	2.83	2.79	0.028		2	1		3	15	0	
yes	yes	yes	no	no	30	R2RS	LLHS	TF	MS	BJ	RAB	RAB171114	2017	Airport Beach	2017-11-14	9:29	1	1	4	2	3	26	1	0	Trades	RAB171114	26.5	34.5	6.61	99.7	8.17	2.87	2.68	2.36	2.64	0.098		1	2		20	20	0	
yes	yes	yes	no	no	30	R2RS	LLHS	TF	MS	BJ	RCB	RCB171114	2020	Canoe Beach	2017-11-14	9:49	1	1	4	2	3	26	1	0	Trades	RCB171114	27.1	34.1	6.44	98.0	8.18	4.21	3.50	3.36	3.69	0.124		1	3		10	0	0	Canoe Beach warning sign dated 11/2/17
yes	yes	yes	no	no	30	R2RS	LLHS	TF	MS	BJ	RWA	RWA171114	2021	Wahikuli	2017-11-14	10:04	1	1	4	2	3	26	1	0	Trades	RWA171114	27.2	34.5	6.50	99.2	8.20	1.27	1.20	1.15	1.21	0.050		1	4		6	3	0	
yes	yes	yes	no	no	31	R2RS	LLHS	TF	BJ	DR	RNS	RNS171205	2006	Napili Bay	2017-12-05	8:06	2	3	3	1	2	18	4	1	Trades	RNS171205	24.2	35.2	6.89	100.0	8.17	1.04	1.14	1.08	1.09	0.046		2	3		1	1	0	
yes	yes	yes	no	no	31	R2RS	LLHS	TF	BJ	DR	RPO	RPO171205	2010	Pohaku	2017-12-05	8:31	2	3	3	1	2	18	4	1	Trades	RPO171205	23.5	34.5	6.96	99.3	8.17	31.10	31.80	32.60	31.83	0.024		1	2		0	0	0	brown water, lots of limu on rocks
yes	yes	yes	no	no	31	R2RS	LLHS	TF	BJ	DR	RKS	RKS171205	2071	Kaanapali Shores	2017-12-05	8:52	2	3	3	1	2	18	4	1	Trades	RKS171205	23.5	34.0	7.01	99.8	8.17	10.10	9.83	10.40	10.11	0.028		2	3		0	0	0	no beach, brown water
yes	yes	yes	no	no	31	R2RS	LLHS	TF	BJ	DR	RAB	RAB171205	2017	Airport Beach	2017-12-05	9:13	2	3	3	1	2	18	4	1	Trades	RAB171205	24.5	34.5	6.82	99.0	8.18	6.41	6.78	6.52	6.57	0.029		1	4		0	6	0	
yes	yes	yes	no	no	31	R2RS	LLHS	TF	BJ	DR	RCB	RCB171205	2020	Canoe Beach	2017-12-05	9:33	2	3	3	1	2	18	4	1	Trades	RCB171205	25.5	34.4	6.84	101.0	8.20	2.13	2.10	2.27	2.17	0.042		1	4		0	3	0	
yes	yes	yes	no	no	31	R2RS	LLHS	TF	BJ	DR	RWA	RWA171205	2021	Wahikuli	2017-12-05	9:51	2	3	3	1	2	18	4	1	Trades	RWA171205	25.1	33.8	6.83	100.0	8.23	1.55	1.57	1.58	1.57	0.010		1	4		0	0	0	
yes	yes	yes	no	no	32	R2RS	LLHS	DR	TF		RNS	RNS171219	2006	Napili Bay	2017-12-19	8:21	1	1	4	2	3	3	8	1	Kona	RNS171219	24.8	35.2	6.72	98.9	8.16	1.15	1.28	1.08	1.17	0.087		2	0		2	3	0	upon return to lab replaced batteries in HQ40D meter
yes	yes	yes	no	no	32	R2RS	LLHS	DR	TF		RPO	RPO171219	2010	Pohaku	2017-12-19	8:55	1	1	4	2	3	3	8	1	Kona	RPO171219	24.8	34.0	6.74	98.7	8.16	24.50	23.50	22.20	23.40	0.049		1	0		0	2	0	brown plume, 2 fishermen, upon return to lab replaced batteries in HQ40D meter
yes	yes	yes	no	no	32	R2RS	LLHS	DR	TF		RKS	RKS171219	2071	Kaanapali Shores	2017-12-19	9:21	1	1	4	2	3	3	8	1	Kona	RKS171219	24.9	34.9	6.68	98.4	8.18	26.20	25.50	24.90	25.53	0.025		1	0		0	0	0	brown close to shore, upon return to lab replaced batteries in HQ40D meter
yes	yes	yes	no	no	32	R2RS	LLHS	DR	TF		RAB	RAB171219	2017	Airport Beach	2017-12-19	9:46	1	1	4	2	3	3	8	1	Kona	RAB171219	25.1	34.8	6.46	95.4	8.18	5.57	5.00	4.46	5.01	0.111		1	0		3	1	0	upon return to lab replaced batteries in HQ40D meter
yes	yes	yes	no	no	32	R2RS	LLHS	DR	TF		RCB	RCB171219	2020	Canoe Beach	2017-12-19	10:10	1	1	4	2	3	3	8	1	Kona	RCB171219	25.2	34.2	6.64	97.9	8.20	2.03	1.96	2.13	2.04	0.042		0	0		1	6	0	lots of fishermen, upon return to lab replaced batteries in HQ40D meter
yes	yes	yes	no	no	32	R2RS	LLHS	DR	TF		RWA	RWA171219	2021	Wahikuli	2017-12-19	10:30	1	1	4	2	3	3	8	1	Kona	RWA171219	24.9	33.1	6.74	98.5	8.21	1.35	1.15	1.14	1.21	0.098		0	1		0	0	0	upon return to lab replaced batteries in HQ40D meter
yes	yes	yes	no	no	33	R2RS	LLHS	TF	MS	BJ	RNS	RNS180109	2006	Napili Bay	2018-01-09	8:15	2	3	3	1	2	23	0	0	Trades	RNS180109	23.6	34.0	6.95	99.3	8.10	0.60	0.55	0.50	0.55	0.091		1	0		3	2	0	
yes	yes	yes	no	no	33	R2RS	LLHS	TF	MS	BJ	RPO	RPO180109	2010	Pohaku	2018-01-09	8:47	2	3	3	1	2	23	0	0	Trades	RPO180109	24.1	33.9	6.80	97.6	8.16	2.32	2.60	2.42	2.45	0.058		1	0		12	3	0	
yes	yes	yes	no	no	33	R2RS	LLHS	TF	MS	BJ	RKS	RKS180109	2071	Kaanapali Shores	2018-01-09	9:09	2	3	3	1	2	23	0	0	Trades	RKS180109	23.7	34.5	6.97	99.8	8.15	11.90	12.70	12.60	12.40	0.035		1	0		0	4	0	lots of beach erosion
yes	yes	yes	no	no	33	R2RS	LLHS	TF	MS	BJ	RAB	RAB180109	2017	Airport Beach	2018-01-09	9:26	2	3	3	1	2	23	0	0	Trades	RAB180109	24.8	34.2	6.64	96.8	8.17	1.38	1.32	1.56	1.42	0.088		0	0		6	20	0	
yes	yes	yes	no	no	33	R2RS	LLHS	TF	MS	BJ	RCB	RCB180109	2020	Canoe Beach	2018-01-09	9:46	2	3	3	1	2	23	0	0	Trades	RCB180109	25.0	34.4	6.74	98.7	8.18	7.32	8.02	7.62	7.65	0.046		1	0		7	18	0	
yes	yes	yes	no	no	33	R2RS	LLHS	TF	MS	BJ	RWA	RWA180109	2021	Wahikuli	2018-01-09	10:03	2	3	3	1	2	23	0	0	Trades	RWA180109	24.9	33.5	6.99	101.6	8.20	1.98	2.06	2.02	2.02	0.020		2	1		4	1	0	
yes	yes	yes	no	no	34	R2RS	LLHS	TS	BJ	CM	RNS	RNS180130	2006	Napili Bay	2018-01-30	8:15	1	1	4	2	3	14	0	0	Kona	RNS180130	23.7	34.5	6.89	99.8	8.18	2.32	1.75	1.88	1.98	0.151		2	1		0	1	0	waves just outside Napili Bay 3-4 ft, only 2 ft where sample taken
yes	yes	yes	no	no	34	R2RS	LLHS	TS	BJ	CM	RPO	RPO180130	2010	Pohaku	2018-01-30	8:48	1	1	4	2	3	14	0	0	Kona	RPO180130	23.8	33.3	6.97	100.2	8.17	19.70	21.30	20.30	20.43	0.040		3	2	0	3	3	0	
yes	yes	yes	no	no	34	R2RS	LLHS	TS	BJ	CM	RKS	RKS180130	2071	Kaanapali Shores	2018-01-30	9:10	1	1	4	2	3	14	0	0	Kona	RKS180130	23.9	34.6	6.84	99.5	8.18	6.40	6.76	6.52	6.56	0.028		2	1		1	0	0	access difficult due to severe erosion, large boulders at access point, and sandbags at hotel, requested review of site access with Dana - gathered 2 buckets of seawater
yes	yes	yes	no	no	34	R2RS	LLHS	TS	BJ	CM	RAB	RAB180130	2017	Airport Beach	2018-01-30	9:39	1	1	4	2	3	14	0	0	Kona	RAB180130	24.1	34.4	6.83	99.3	8.19	9.22	7.24	9.87	8.78	0.156		2	4		3	18	0	large particles in seawater made turbidity results more variable
yes	yes	yes	no	no	34	R2RS	LLHS	TS	BJ	CM	RCB	RCB180130	2020	Canoe Beach	2018-01-30	10:03	1	1	4	2	3	14	0	0	Kona	RCB180130	24.1	33.0	6.89	99.6	8.20	1.42	1.54	1.64	1.53	0.072		1	4		0	5	0	choppy water
yes	yes	yes	no	no	34	R2RS	LLHS	TS	BJ	CM	RWA	RWA180130	2021	Wahikuli	2018-01-30	10:25	1	1	4	2	3	14	0	0	Kona	RWA180130	24.2	33.2	6.84	99.0	8.20	2.16	2.19	2.22	2.19	0.014		1	4		1	3	0	choppy water
yes	yes	yes	no	no	35	R2RS	LLHS	TS	TF	MS	RNS	RNS180220	2006	Napili Bay	2018-02-20	8:20	2	3	3	2	2	6	0	0	Kona	RNS180220	23.5	34.2	7.01	100.2	8.08	1.19	1.27	1.27	1.24	0.037		1	0	0	4	10	0	very calm day for wind and waves, very rainy until yesterday
yes	yes	yes	no	no	35	R2RS	LLHS	TS	TF	MS	RPO	RPO180220	2010	Pohaku	2018-02-20	8:42	2	3	3	2	2	6	0	0	Kona	RPO180220	24.0	34.1	6.65	95.8	8.13	2.45	2.74	2.81	2.67	0.072		0	0	0	1	4	0	very calm day for wind and waves, very rainy until yesterday
yes	yes	yes	no	no	35	R2RS	LLHS	TS	TF	MS	RKS	RKS180220	2071	Kaanapali Shores	2018-02-20	9:05	2	3	3	2	2	6	0	0	Kona	RKS180220	23.3	32.8	7.09	100.2	8.15	2.90	2.97	2.95	2.94	0.012		1	0	0	0	4	0	very calm day for wind and waves, very rainy until yesterday, visitors asked what team was doing
yes	yes	yes	no	no	35	R2RS	LLHS	TS	TF	MS	RAB	RAB180220	2017	Airport Beach	2018-02-20	9:23	2	3	3	2	2	6	0	0	Kona	RAB180220	24.3	34.2	6.90	99.9	8.17	1.75	1.92	1.75	1.81	0.054		0	1	0	10	20	0	very calm day for wind and waves, very rainy until yesterday, visitors asked what team was doing
yes	yes	yes	no	no	35	R2RS	LLHS	TS	TF	MS	RCB	RCB180220	2020	Canoe Beach	2018-02-20	9:41	2	3	3	2	2	6	0	0	Kona	RCB180220	24.7	34.3	6.85	99.8	8.18	1.73	1.76	1.76	1.75	0.010		0	0	0	6	15	0	very calm day for wind and waves, very rainy until yesterday, lifeguard asked about the water quality
yes	yes	yes	no	no	35	R2RS	LLHS	TS	TF	MS	RWA	RWA180220	2021	Wahikuli	2018-02-20	9:58	2	3	3	2	2	6	0	0	Kona	RWA180220	24.4	32.5	6.99	100.4	8.19	1.25	1.33	1.39	1.32	0.053		1	1	0	8	10	0	very calm day for wind and waves, very rainy until yesterday
yes	yes	yes	no	no	36	R2RS	LLHS	TF	TS	BJ	RNS	RNS180313	2006	Napili Bay	2018-03-13	8:10	2	1	3	2	2	26	8	1	Trades	RNS180313	22.8	34.4	7.04	99.3	8.16	1.14	1.32	1.39	1.28	0.100		3	2		0	2	0	dark and dismal day, light rain, not sure about stream flow
yes	yes	yes	no	no	36	R2RS	LLHS	TF	TS	BJ	RPO	RPO180313	2010	Pohaku	2018-03-13	8:40	2	1	3	2	2	26	8	1	Trades	RPO180313	22.8	32.2	7.13	99.1	8.16	8.40	8.21	8.62	8.41	0.024		3	3		10	6	0	dark and dismal day, light rain, not sure about stream flow
yes	yes	yes	no	no	36	R2RS	LLHS	TF	TS	BJ	RKS	RKS180313	2071	Kaanapali Shores	2018-03-13	9:02	2	1	3	2	2	26	8	1	Trades	RKS180313	21.5	24.0	7.66	99.2	8.18	7.91	7.87	8.02	7.93	0.010		3	2		1	2	0	dark and dismal day, light rain, not sure about stream flow. parking has become tighter due to workmen shoring up beach to protect the hotel
yes	yes	yes	no	no	36	R2RS	LLHS	TF	TS	BJ	RAB	RAB180313	2017	Airport Beach	2018-03-13	9:22	2	1	3	2	2	26	8	1	Trades	RAB180313	23.6	33.9	6.88	98.0	8.16	7.63	8.90	7.62	8.05	0.091		2	0		10	10	0	dark and dismal day, light rain, not sure about stream flow
yes	yes	yes	no	no	36	R2RS	LLHS	TF	TS	BJ	RCB	RCB180313	2020	Canoe Beach	2018-03-13	9:39	2	1	3	2	2	26	8	1	Trades	RCB180313	24.3	33.0	6.97	99.9	8.18	1.47	1.30	1.46	1.41	0.068		2	0		0	1	0	dark and dismal day, light rain, not sure about stream flow
yes	yes	yes	no	no	36	R2RS	LLHS	TF	TS	BJ	RWA	RWA180313	2021	Wahikuli	2018-03-13	9:56	2	1	3	2	2	26	8	1	Trades	RWA180313	24.4	34.1	6.84	98.9	8.20	0.90	0.91	0.94	0.92	0.023		1	0		0	0	0	dark and dismal day, light rain, not sure about stream flow
yes	yes	yes	no	no	37	R2RS	LLHS	TF	TS	BJ	RNS	RNS180403	2006	Napili Bay	2018-04-03	8:20	1	3	4	1	3	18	5	3	Kona	RNS180403	24.8	33.0	6.96	102.0	8.15	0.96	1.02	1.34	1.11	0.185		0	0		10	60	0	big storms previous night ... calm in morning.
yes	yes	yes	no	no	37	R2RS	LLHS	TF	TS	BJ	RPO	RPO180403	2010	Pohaku	2018-04-03	8:42	1	3	4	1	3	18	5	3	Kona	RPO180403	24.5	32.8	6.65	96.7	8.18	2.15	2.23	2.30	2.23	0.034		0	0		3	8	0	watched workers previous day moving sand at Pohaku and clearing out drain
yes	yes	yes	no	no	37	R2RS	LLHS	TF	TS	BJ	RKS	RKS180403	2071	Kaanapali Shores	2018-04-03	9:02	1	3	4	1	3	18	5	3	Kona	RKS180403	24.6	33.7	6.82	99.7	8.17	8.60	8.44	8.08	8.37	0.032		0	3		0	9	0	big storms previous night ... calm in morning.
yes	yes	yes	no	no	37	R2RS	LLHS	TF	TS	BJ	RAB	RAB180403	2017	Airport Beach	2018-04-03	9:20	1	3	4	1	3	18	5	3	Kona	RAB180403	25.2	33.7	6.85	101.2	8.22	1.72	1.76	1.76	1.75	0.013		1	3		10	10	0	cloudier at airport beach with dark clouds.
yes	yes	yes	no	no	37	R2RS	LLHS	TF	TS	BJ	RCB	RCB180403	2020	Canoe Beach	2018-04-03	9:39	1	3	4	1	3	18	5	3	Kona	RCB180403	24.9	33.8	6.82	100.3	8.21	1.95	1.99	2.14	2.03	0.049		2	3		3	9	0	big storms previous night ... calm in morning.
yes	yes	yes	no	no	37	R2RS	LLHS	TF	TS	BJ	RWA	RWA180403	2021	Wahikuli	2018-04-03	9:54	1	3	4	1	3	18	5	3	Kona	RWA180403	24.7	33.7	6.81	99.9	8.22	0.93	0.85	0.94	0.91	0.054		2	4		0	2	0	light rain at Wahikuli, windier and higher waves.
yes	yes	yes	no	no	38	R2RS	LLHS	TF	MS	BJ	RNS	RNS180424	2006	Napili Bay	2018-04-24	8:14	2	1	3	2	2	9	7	2	Trades	RNS180424	24.2	33.4	6.99	100.4	8.12	1.26	1.32	1.49	1.36	0.088		1	2		1	4	0	rained in last 24 hours, dark clouds/rain while testing
yes	yes	yes	no	no	38	R2RS	LLHS	TF	MS	BJ	RPO	RPO180424	2010	Pohaku	2018-04-24	8:37	2	1	3	2	2	9	7	1	Trades	RPO180424	24.5	32.1	6.53	93.3	8.14	1.69	2.03	1.94	1.89	0.093		1	2		0	5	0	rained in last 24 hours, sprinkling light rain while testing, lots of limu floating in water
yes	yes	yes	no	no	38	R2RS	LLHS	TF	MS	BJ	RKS	RKS180424	2071	Kaanapali Shores	2018-04-24	8:56	2	1	3	2	2	9	7	2	Trades	RKS180424	24.2	33.4	7.02	100.8	8.12	2.55	2.10	2.42	2.36	0.098		1	2		0	2	0	rained in last 24 hours, stream flowing north of sample site
yes	yes	yes	no	no	38	R2RS	LLHS	TF	MS	BJ	RAB	RAB180424	2017	Airport Beach	2018-04-24	9:15	2	1	3	2	2	9	7	2	Trades	RAB180424	24.9	33.8	6.76	98.4	8.15	0.66	0.68	0.67	0.67	0.015		1	3		0	10	0	rained in last 24 hours, getting windier
yes	yes	yes	no	no	38	R2RS	LLHS	TF	MS	BJ	RCB	RCB180424	2020	Canoe Beach	2018-04-24	9:33	2	1	3	2	2	9	5	1	Trades	RCB180424	25.2	32.6	7.10	103.2	8.16	1.98	1.92	1.76	1.89	0.060		2	3		0	5	0	rained in last 24 hours, sunny with light mist while testing, several fishermen set up
yes	yes	yes	no	no	38	R2RS	LLHS	TF	MS	BJ	RWA	RWA180424	2021	Wahikuli	2018-04-24	9:48	2	1	3	2	2	9	5	0	Trades	RWA180424	25.5	33.3	6.83	100.3	8.17	0.67	0.65	0.70	0.67	0.037		1	0		0	1	0	rained in last 24 hours, calm
yes	yes	yes	no	no	39	R2RS	LLHS	TF	MS	TS	RNS	RNS180515	2006	Napili Bay	2018-05-15	8:13	1	3	4	1	3	1	4	1	Trades	RNS180515	25.0	33.8	6.88	100.9	8.17	1.58	1.56	1.63	1.59	0.023		1	3		2	20	0	
yes	yes	yes	no	no	39	R2RS	LLHS	TF	MS	TS	RPO	RPO180515	2010	Pohaku	2018-05-15	8:35	1	3	4	1	3	1	1	1	Trades	RPO180515	25.0	31.3	6.94	100.4	8.19	2.20	2.53	2.90	2.54	0.138		1	3		0	11	0	Particularly big chunks in water contributing to variability in turbidity readings
yes	yes	yes	no	no	39	R2RS	LLHS	TF	MS	TS	RKS	RKS180515	2071	Kaanapali Shores	2018-05-15	8:54	1	3	4	1	3	1			Trades	RKS180515	23.2	13.8	7.79	98.8	8.23	9.40	9.27	9.60	9.42	0.018		1	3	2	0	10	0	Brown water near shore - CM checked stream to north which was running into ocean and very muddy, south swell, had trouble filtering nutrient sample and didn't get as large a filtered sample since first filter clogged and used a second filter to filter the last 10 ml
yes	yes	yes	no	no	39	R2RS	LLHS	TF	MS	TS	RAB	RAB180515	2017	Airport Beach	2018-05-15	9:20	1	3	4	1	3	1			Trades	RAB180515	25.7	33.6	6.83	101.5	8.21	2.90	2.75	3.62	3.09	0.151		0	4		5	20	0	
yes	yes	yes	no	no	39	R2RS	LLHS	TF	MS	TS	RCB	RCB180515	2020	Canoe Beach	2018-05-15	9:38	1	3	4	1	3	1			Trades	RCB180515	25.6	33.0	6.75	99.8	8.19	2.12	2.03	2.14	2.10	0.028		1	3		3	20	0	brown water only to about 10 feet from shore, 3 fishermen on the beach with 12 fishing poles set up in the surf, canoes going by
yes	yes	yes	no	no	39	R2RS	LLHS	TF	MS	TS	RWA	RWA180515	2021	Wahikuli	2018-05-15	9:54	1	3	4	1	3	1	6	0	Trades	RWA180515	25.4	33.1	6.82	100.3	8.22	1.75	1.79	1.78	1.77	0.012		1	3		0	3	0	
yes	yes	yes	no	no	40	R2RS	LLHS	TM	DR	CM	RNS	RNS180605	2006	Napili Bay	2018-06-05	8:35	2	1	3	2	2	22	1	2	Trades	RNS180605	25.8	33.6	7.00	103.3	8.20	2.15	2.24	2.15	2.18	0.024		1	1	0	1	12	0	
yes	yes	yes	no	no	40	R2RS	LLHS	TM	DR	CM	RPO	RPO180605	2010	Pohaku	2018-06-05	9:15	2	1	3	2	2	22			Trades	RPO180605	25.7	33.1	6.82	100.0	8.21	4.50	4.88	4.79	4.72	0.042		2	2		0	3	0	
yes	yes	yes	no	no	40	R2RS	LLHS	TM	DR	CM	RKS	RKS180605	2071	Kaanapali Shores	2018-06-05	9:48	2	1	3	2	2	22			Trades	RKS180605	25.6	34.2	6.91	101.9	8.18	8.10	7.48	8.33	7.97	0.055		1	2	2	0	4	0	brown water - stream flowing into ocean just north of sample site
yes	yes	yes	no	no	40	R2RS	LLHS	TM	DR	CM	RAB	RAB180605	2017	Airport Beach	2018-06-05	10:14	2	1	3	2	2	22			Trades	RAB180605	26.3	33.9	6.85	102.2	8.22	2.05	1.85	1.83	1.91	0.064		1	3		19	33	0	
yes	yes	yes	no	no	40	R2RS	LLHS	TM	DR	CM	RCB	RCB180605	2020	Canoe Beach	2018-06-05	10:45	2	1	3	2	2	22			Trades	RCB180605	26.5	33.6	6.78	101.3	8.25	7.16	7.19	7.47	7.27	0.024		2	3	0	0	2	0	dead fish on beach, surf advisory flags up, surf churned up
yes	yes	yes	no	no	40	R2RS	LLHS	TM	DR	CM	RWA	RWA180605	2021	Wahikuli	2018-06-05	11:06	2	1	3	2	2	22			Trades	RWA180605	26.3	33.7	6.72	100.2	8.24	3.05	3.21	3.35	3.20	0.047		2	0		3	12	0	occasional set of waves larger than '2' wave size
yes	yes	yes	no	no	41	R2RS	LLHS	TM	BJ	TF	RNS	RNS180626	2006	Napili Bay	2018-06-26	8:05	1	3	4	1	3	13	6		Trades	RNS180626	25.8	33.3	6.83	100.9	8.14	2.47	2.53	2.33	2.44	0.042		1	2		5	9	0	
yes	yes	yes	no	no	41	R2RS	LLHS	TM	BJ	TF	RPO	RPO180626	2010	Pohaku	2018-06-26	8:31	1	3	4	1	3	13		1	Trades	RPO180626	25.7	32.8	6.60	97.0	8.19	1.89	1.59	1.18	1.55	0.229		0	2		0	2	0	1 fisherman at Pohaku with 3 rods, light sprinkles
yes	yes	yes	no	no	41	R2RS	LLHS	TM	BJ	TF	RKS	RKS180626	2071	Kaanapali Shores	2018-06-26	8:53	1	3	4	1	3	13			Trades	RKS180626	25.1	30.6	6.71	96.4	8.15	4.83	4.56	4.48	4.62	0.040		1	4		0	2	0	
yes	yes	yes	no	no	41	R2RS	LLHS	TM	BJ	TF	RCB	RCB180626	2020	Canoe Beach	2018-06-26	9:38	1	3	4	1	3	13			Trades	RCB180626	26.4	33.0	6.94	103.4	8.20	1.24	1.46	1.09	1.26	0.147		0	4		30	2	0	canoe practice
yes	yes	yes	no	no	41	R2RS	LLHS	TM	BJ	TF	RWA	RWA180626	2021	Wahikuli	2018-06-26	9:55	1	3	4	1	3	13			Trades	RWA180626	26.0	33.3	6.77	100.4	8.21	1.85	1.91	1.97	1.91	0.031		0	3		0	6	0	
yes	yes	yes	no	no	42	R2RS	LLHS	TF	BJ	TM	RNS	RNS180717	2006	Napili Bay	2018-07-17	8:15	2	1	3	2	2	5	0		Trades	RNS180717	26.2	33.5	6.70	99.9	8.08	2.13	1.67	1.40	1.73	0.213		1	2		2	7	0	no idea about rain in last 24 hours
yes	yes	yes	no	no	42	R2RS	LLHS	TF	BJ	TM	RPO	RPO180717	2010	Pohaku	2018-07-17	8:35	2	1	3	2	2	5	2		Trades	RPO180717	26.2	33.0	6.20	92.1	8.08	1.87	2.47	2.28	2.21	0.139		0	3		8	19	0	no idea about rain in last 24 hours, 2 people within 10 ft of sampler, presumably in the water though not stated in notes
yes	yes	yes	no	no	42	R2RS	LLHS	TF	BJ	TM	RKS	RKS180717	2071	Kaanapali Shores	2018-07-17	8:58	2	1	3	2	2	5			Trades	RKS180717	26.1	33.7	6.77	100.7	8.12	5.51	5.51	5.57	5.53	0.006		1	2		0	0	0	no idea about rain in last 24 hours. brown streaks out in the ocean. on right and left side of sample area brown streaks were 2-3 ft off shore and the brown streak straight out from sample area was about 50 ft off shore. a stream flows into the ocean north of the sample site and stream water was connected to the ocean. But flow direction of stream water was not easy to determine: Trades appeared to push stream surface toward ocean and ocean waves appeared to move upstream (CM). Stream water looked clear, not like the brown streaks observed in the ocean.
yes	yes	yes	no	no	42	R2RS	LLHS	TF	BJ	TM	RCB	RCB180717	2020	Canoe Beach	2018-07-17	9:20	2	1	3	2	2	5	2		Trades	RCB180717	26.9	33.1	6.75	101.6	8.23	2.20	2.35	2.22	2.26	0.036		1	0		0	2	0	no idea about rain in last 24 hours
yes	yes	yes	no	no	42	R2RS	LLHS	TF	BJ	TM	RWA	RWA180717	2021	Wahikuli	2018-07-17	9:32	2	1	3	2	2	5	0		Trades	RWA180717	27.0	33.7	6.56	99.3	8.17	1.73	1.70	1.62	1.68	0.034		0	0		1	0	0	no idea about rain in last 24 hours
yes	yes	yes	no	no	43	R2RS	LLHS	TF	BJ	TM	RNS	RNS180807	2006	Napili Bay	2018-08-07	8:08	1	3	5	1	3	25	6		Trades	RNS180807	25.5	33.7	6.76	100.4	8.12	2.13	2.00	2.24	2.12	0.057		1	1	0	0	2	0	no idea about rain in last 24 hours
yes	yes	yes	no	no	43	R2RS	LLHS	TF	BJ	TM	RPO	RPO180807	2010	Pohaku	2018-08-07	8:32	1	3	5	1	3	25	6		Trades	RPO180807	26.2	33.9	6.61	98.9	8.18	5.07	5.10	6.03	5.40	0.101		1	1	0	0	0	0	no idea about rain in last 24 hours
yes	yes	yes	no	no	43	R2RS	LLHS	TF	BJ	TM	RKS	RKS180807	2071	Kaanapali Shores	2018-08-07	8:53	1	3	5	1	3	25	6		Trades	RKS180807	25.6	34.3	6.57	97.7	8.14	8.02	7.68	8.07	7.92	0.027		0	1		0	0	0	no idea about rain in last 24 hours
yes	yes	yes	no	no	43	R2RS	LLHS	TF	BJ	TM	RCB	RCB180807	2020	Canoe Beach	2018-08-07	9:15	1	3	5	1	3	25	3		Trades	RCB180807	26.9	33.7	6.71	101.7	8.19	11.40	11.10	10.80	11.10	0.027		1	0		0	2	0	no idea about rain in last 24 hours, Kukui nuts from the stream causing bad smell/water conditions. strong shore break, low tide
yes	yes	yes	no	no	43	R2RS	LLHS	TF	BJ	TM	RWA	RWA180807	2021	Wahikuli	2018-08-07	9:31	1	3	5	1	3	25	0		Trades	RWA180807	27.1	33.9	6.60	100.4	8.21	2.34	2.87	2.41	2.54	0.113		0	1		2	0	0	no idea about rain in last 24 hours. no waves, strong shore break
yes	yes	yes	no	no	44	R2RS	LLHS	TF	BJ	AA	RNS	RNS180828	2006	Napili Bay	2018-08-28	8:12	2	1	6	2	2	18	7		Trades	RNS180828	26.4	33.2	6.65	99.5	8.13	1.62	1.46	1.69	1.59	0.074		0	1		4	4	0	it rained in the last 24 hours
yes	yes	yes	no	no	44	R2RS	LLHS	TF	BJ	AA	RPO	RPO180828	2010	Pohaku	2018-08-28	8:35	2	1	6	2	2	18	6		Trades	RPO180828	26.8	31.8	6.49	96.9	8.19	2.23	3.18	2.58	2.66	0.180		0	2		0	0	0	it rained in the last 24 hours
yes	yes	yes	no	no	44	R2RS	LLHS	TF	BJ	AA	RKS	RKS180828	2071	Kaanapali Shores	2018-08-28	8:55	2	1	6	2	2	18	4		Trades	RKS180828	26.7	29.7	6.64	97.9	8.15	13.60	15.60	16.60	15.27	0.100		0	3		0	0	0	it rained in the last 24 hours, brown water 100 yards
yes	yes	yes	no	no	44	R2RS	LLHS	TF	BJ	AA	RCB	RCB180828	2020	Canoe Beach	2018-08-28	9:14	2	1	6	2	2	18	4		Trades	RCB180828	27.8	32.6	6.50	99.3	8.17	63.40	63.90	65.10	64.13	0.014		0	0		0	2	0	it rained in the last 24 hours, brown red water, lots of debris/kukui nuts
yes	yes	yes	no	no	44	R2RS	LLHS	TF	BJ	AA	RWA	RWA180828	2021	Wahikuli	2018-08-28	9:32	2	1	6	2	2	18	4		Trades	RWA180828	27.5	32.6	6.62	100.6	8.24	1.32	1.57	1.46	1.45	0.086		0	0		0	0	0	it rained in the last 24 hours
yes	yes	yes	no	no	45	R2RS	LLHS	TF	BJ	CM	RNS	RNS180918	2006	Napili Bay	2018-09-18	8:11	1	3	5	1	3	9	4	1	Trades	RNS180918	25.7	33.4	6.30	93.1	8.09	10.10	11.10	10.80	10.67	0.048		1	1		0	5	0	not sure if it rained in the last 24 hours, light sprinkles while there
yes	yes	yes	no	no	45	R2RS	LLHS	TF	BJ	CM	RPO	RPO180918	2010	Pohaku	2018-09-18	8:39	1	3	5	1	3	9	2	0	Trades	RPO180918	26.5	32.6	6.41	95.8	8.19	5.02	4.91	4.43	4.79	0.066		0	1		0	2	0	not sure if it rained in the last 24 hours, sunny and no rain while there
yes	yes	yes	no	no	45	R2RS	LLHS	TF	BJ	CM	RKS	RKS180918	2071	Kaanapali Shores	2018-09-18	8:57	1	3	5	1	3	9	1	0	Trades	RKS180918	25.8	34.3	6.36	94.7	8.14	7.38	7.58	7.21	7.39	0.025		1	1		0	5	0	not sure if it rained in the last 24 hours, sunny and no rain while there, water in channel but fairly clear, not much flow
yes	yes	yes	no	no	45	R2RS	LLHS	TF	BJ	CM	RCB	RCB180918	2020	Canoe Beach	2018-09-18	9:18	1	3	5	1	3	9	1	0	Trades	RCB180918	27.6	34.3	6.38	97.9	8.19	7.81	7.85	7.59	7.75	0.018		1	0		0	6	0	not sure if it rained in the last 24 hours, sunny and no rain
yes	yes	yes	no	no	45	R2RS	LLHS	TF	BJ	CM	RWA	RWA180918	2021	Wahikuli	2018-09-18	9:34	1	3	5	1	3	9	1	0	Trades	RWA180918	27.7	34.0	6.46	99.3	8.22	0.74	0.75	0.76	0.75	0.013		1	0		0	2	0	not sure if it rained in the last 24 hours, sunny and no rain
yes	yes	yes	no	no	46	R2RS	LLHS	TF	BJ	TM	RNS	RNS181009	2006	Napili Bay	2018-10-09	8:20	2	1	6	2	2					RNS181009	26.9	33.5	6.65	100.5	8.14	11.00	12.00	12.50	11.83	0.065					2	2	0	2 inches stagnant water in nearby stream bed, no stream flow
yes	yes	yes	no	no	46	R2RS	LLHS	TF	BJ	TM	RPO	RPO181009	2010	Pohaku	2018-10-09	8:44	2	1	6	2	2					RPO181009	26.7	32.5	6.49	97.3	8.17	4.07	4.13	4.30	4.17	0.029					0	8	0	batteries were replaced in turbidity meter, no stream flow
yes	yes	yes	no	no	46	R2RS	LLHS	TF	BJ	TM	RKS	RKS181009	2071	Kaanapali Shores	2018-10-09	9:05	2	1	6	2	2					RKS181009	26.9	34.0	6.60	99.9	8.20	2.97	3.48	3.15	3.20	0.081					8	15	0	no stream flow into ocean, KS stream ocean water flowing into canal - greenish/brown water 1-2 feet high in canal
yes	yes	yes	no	no	46	R2RS	LLHS	TF	BJ	TM	RCB	RCB181009	2020	Canoe Beach	2018-10-09	9:25	2	1	6	2	2					RCB181009	27.9	33.6	6.59	101.2	8.21	9.39	9.45	10.20	9.68	0.047					0	0	0	
yes	yes	yes	no	no	46	R2RS	LLHS	TF	BJ	TM	RWA	RWA181009	2021	Wahikuli	2018-10-09	9:42	2	1	6	2	2					RWA181009	27.7	32.7	6.62	100.9	8.24	3.14	3.45	3.29	3.29	0.047					0	2	0	
yes	yes	yes	no	no	47	R2RS	LLHS	TF	JS	CM	RNS	RNS181030	2006	Napili Bay	2018-10-30	8:13	1	3	5	1	3					RNS181030	27.4	34.2	6.38	97.6	8.13	1.45	1.67	1.46	1.53	0.081					5	4	0	
yes	yes	yes	no	no	47	R2RS	LLHS	TF	JS	CM	RPO	RPO181030	2010	Pohaku	2018-10-30	8:38	1	3	5	1	3					RPO181030	27.6	34.2	6.37	97.8	8.18	7.40	7.68	7.65	7.58	0.020					0	5	0	3 canoes in water about 100 feet out
yes	yes	yes	no	no	47	R2RS	LLHS	TF	JS	CM	RKS	RKS181030	2071	Kaanapali Shores	2018-10-30	8:59	1	3	5	1	3					RKS181030	27.4	34.4	6.41	98.3	8.14	3.83	3.83	4.02	3.89	0.028					1	1	0	light sprinkles of rain while sampling
yes	yes	yes	no	no	47	R2RS	LLHS	TF	JS	CM	RCB	RCB181030	2020	Canoe Beach	2018-10-30	9:20	1	3	5	1	3					RCB181030	27.6	34.6	6.56	100.8	8.21	2.71	2.51	2.74	2.65	0.047					0	3	0	
yes	yes	yes	no	no	47	R2RS	LLHS	TF	JS	CM	RWA	RWA181030	2021	Wahikuli	2018-10-30	9:36	1	3	5	1	3					RWA181030	27.4	34.4	6.58	100.7	8.23	3.76	3.81	3.52	3.70	0.042					0	0	0	strong steady winds (14-20 knots), 3-5 foot waves, and a high tide
yes	yes	yes	no	no	48	R2RS	LLHS	TF	AA	BJ	RNS	RNS181127	2006	Napili Bay	2018-11-27	8:16	2	1	6	2	2					RNS181127	25.8	35.0	6.76	100.6	8.20	1.14	1.10	0.96	1.07	0.089				0	2	6	0	RNS - strong waves breaking at shore, high tides, clear, sunny, light winds, low-lying clouds - used new BD syringes and usual disposable 0.2 micron filters
yes	yes	yes	no	no	48	R2RS	LLHS	TF	AA	BJ	RPO	RPO181127	2010	Pohaku	2018-11-27	8:43	2	1	6	2	2					RPO181127	25.2	34.4	6.79	99.8	8.17	47.50	48.30	48.20	48.00	0.009				0	16	1	0	RPO - high surf almost to highway, brown water close to shore. clear, no wind, clouds over Molokini - used new BD syringes and usual disposable 0.2 micron filters
yes	yes	yes	no	no	48	R2RS	LLHS	TF	AA	BJ	RKS	RKS181127	2071	Kaanapali Shores	2018-11-27	9:03	2	1	6	2	2					RKS181127	26.2	34.9	6.70	100.3	8.23	2.72	3.04	3.09	2.95	0.068					1	8	0	RKS - a little brownish water - used old Medint syringes and usual disposable 0.2 micron filters
yes	yes	yes	no	no	48	R2RS	LLHS	TF	AA	BJ	RCB	RCB181127	2020	Canoe Beach	2018-11-27	9:27	2	1	6	2	2					RCB181127	26.4	34.9	6.64	99.8	8.22	4.88	4.76	4.81	4.82	0.013					0	22	0	RCB - used old Medint syringes and usual disposable 0.2 micron filters
yes	yes	yes	no	no	48	R2RS	LLHS	TF	AA	BJ	RWA	RWA181127	2021	Wahikuli	2018-11-27	9:44	2	1	6	2	2					RWA181127	26.3	34.9	6.71	100.7	8.24	2.32	2.22	2.43	2.32	0.045					2	0	0	RWA - water flat, no wind - used old Medint syringes and usual disposable 0.2 micron filters
yes	yes	yes	no	no	49	R2RS	LLHS	TF	TM	BJ	RNS	RNS181211	2006	Napili Bay	2018-12-11	8:18	1	3	5	1	3					RNS181211	24.5	34.6	6.83	98.7	8.17	0.91	0.76	0.74	0.80	0.116		2		0	0	3	0	RNS - steady rain, 0 visibility of Molokai, waves shore break 3-5 feet
yes	yes	yes	no	no	49	R2RS	LLHS	TF	TM	BJ	RPO	RPO181211	2010	Pohaku	2018-12-11	8:44	1	3	5	1	3					RPO181211	24.1	34.5	6.80	97.7	8.15	12.60	14.00	13.90	13.50	0.058		0		0	0	0	0	RPO - cloudy and rainbow, no rain, waves calm/flat
yes	yes	yes	no	no	49	R2RS	LLHS	TF	TM	BJ	RKS	RKS181211	2071	Kaanapali Shores	2018-12-11	9:04	1	3	5	1	3					RKS181211	23.9	27.1	7.21	98.9	8.23	9.18	8.18	8.77	8.71	0.058		1			0	0	0	RKS - rainbow with sprinkles, low cloud over Lanai, no rain, waves 1-2 feet, windy, sunny, frequent swells
yes	yes	yes	no	no	49	R2RS	LLHS	TF	TM	BJ	RCB	RCB181211	2020	Canoe Beach	2018-12-11	9:24	1	3	5	1	3					RCB181211	25.5	34.5	6.49	95.5	8.20	0.59	0.54	0.60	0.58	0.056					0	2	0	
yes	yes	yes	no	no	49	R2RS	LLHS	TF	TM	BJ	RWA	RWA181211	2021	Wahikuli	2018-12-11	9:44	1	3	5	1	3					RWA181211	25.7	34.0	6.72	99.0	8.22	1.95	1.93	1.85	1.91	0.028					0	2	0	
yes	yes	yes	no	no	50	R2RS	LLHS	TF	AA	CM	RNS	RNS190108	2006	Napili Bay	2019-01-08	8:07	2	3	6	2	2					RNS190108	23.8	34.6	6.88	98.5	8.17	1.11	0.86	0.87	0.95	0.150					0	15	0	RNS - 1 ft waves, no wind, sunny
yes	yes	yes	no	no	50	R2RS	LLHS	TF	AA	CM	RPO	RPO190108	2010	Pohaku	2019-01-08	8:31	2	3	6	2	2					RPO190108	23.8	34.3	6.81	97.3	8.16	9.30	8.57	9.03	8.97	0.041					6	6	0	RPO - 2-3 ft waves, no wind, sunny
yes	yes	yes	no	no	50	R2RS	LLHS	TF	AA	CM	RKS	RKS190108	2071	Kaanapali Shores	2019-01-08	8:52	2	3	6	2	2					RKS190108	23.6	34.4	6.92	98.8	8.15	3.88	3.26	2.90	3.35	0.148					2	2	0	
yes	yes	yes	no	no	50	R2RS	LLHS	TF	AA	CM	RCB	RCB190108	2020	Canoe Beach	2019-01-08	9:11	2	3	6	2	2					RCB190108	25.0	33.6	6.88	100.1	8.21	1.27	1.17	1.18	1.21	0.046					3	0	0	RCB - 1/2 ft waves
yes	yes	yes	no	no	50	R2RS	LLHS	TF	AA	CM	RWA	RWA190108	2021	Wahikuli	2019-01-08	9:28	2	3	6	2	2					RWA190108	24.8	34.1	6.67	97.1	8.23	1.76	1.85	1.88	1.83	0.034					0	0	0	RWA - 1/4 ft waves, nearly flat
yes	yes	yes	no	no	51	R2RS	LLHS	TF	BJ	CM	RNS	RNS190129	2006	Napili Bay	2019-01-29	8:02	1	1	5	1	3					RNS190129	22.6	34.7	7.03	99.2	8.20	1.23	1.18	1.24	1.22	0.026					0	0	0	RNS - 50% clouds, very windy, large swell 3-4 ft on shore
yes	yes	yes	no	no	51	R2RS	LLHS	TF	BJ	CM	RPO	RPO190129	2010	Pohaku	2019-01-29	8:26	1	1	5	1	3					RPO190129	21.7	33.5	7.15	98.8	8.17	10.60	12.40	11.50	11.50	0.078					0	0	0	RPO - 90% clouds, waves 3 ft
yes	yes	yes	no	no	51	R2RS	LLHS	TF	BJ	CM	RKS	RKS190129	2071	Kaanapali Shores	2019-01-29	8:50	1	1	5	1	3					RKS190129	21.8	34.6	7.10	98.9	8.18	5.49	5.41	5.43	5.44	0.008					0	2	0	RKS - >60% cloudy, frequent 3 ft swells, very windy, small area of sand next to sand bags, 0 people in water, a few sprinkles of rain
yes	yes	yes	no	no	51	R2RS	LLHS	TF	BJ	CM	RCB	RCB190129	2020	Canoe Beach	2019-01-29	9:13	1	1	5	1	3					RCB190129	23.6	34.5	6.77	97.3	8.23	1.45	1.98	1.55	1.66	0.170					0	0	0	RCB - light rain and sun, 80% clouds, no waves, no canoes out in the water
yes	yes	yes	no	no	51	R2RS	LLHS	TF	BJ	CM	RWA	RWA190129	2021	Wahikuli	2019-01-29	9:33	1	1	5	1	3					RWA190129	23.5	33.4	6.90	98.4	8.24	0.92	1.00	0.92	0.95	0.049					0	2	0	RWA - water totally flat, rainy
yes	yes	yes	no	no	52	R2RS	LLHS	TF	JS	CM	RNS	RNS190220	2006	Napili Bay	2019-02-20	8:18	1	1	5	1	3					RNS190220	23.4	34.5	7.04	101.0	8.19	1.85	1.97	2.19	2.00	0.086				0	1	17	0	RNS -sampling on Wed not Tues (the usual day), 2/19/19 heavy rains throughout Maui (and whole state) 
yes	yes	yes	no	no	52	R2RS	LLHS	TF	JS	CM	RPO	RPO190220	2010	Pohaku	2019-02-20	8:39	1	1	5	1	3					RPO190220	23.0	32.9	7.10	100.1	8.18	10.40	10.20	10.20	10.27	0.011				0	0	0	0	RPO -sampling on Wed not Tues (the usual day), 2/19/19 heavy rains throughout Maui (and whole state) 
yes	yes	yes	no	no	52	R2RS	LLHS	TF	JS	CM	RKS	RKS190220	2071	Kaanapali Shores	2019-02-20	9:05	1	1	5	1	3					RKS190220	22.9	31.3	7.23	100.7	8.22	5.00	5.03	5.02	5.02	0.003					0	0	0	RKS -sampling on Wed not Tues (the usual day), 2/19/19 heavy rains throughout Maui (and whole state) 
yes	yes	yes	no	no	52	R2RS	LLHS	TF	JS	CM	RCB	RCB190220	2020	Canoe Beach	2019-02-20	9:26	1	1	5	1	3					RCB190220	23.7	34.4	6.80	97.9	8.21	6.02	6.59	6.20	6.27	0.046					0	7	0	RCB -sampling on Wed not Tues (the usual day), 2/19/19 heavy rains throughout Maui (and whole state) 
yes	yes	yes	no	no	52	R2RS	LLHS	TF	JS	CM	RWA	RWA190220	2021	Wahikuli	2019-02-20	9:42	1	1	5	1	3					RWA190220	23.6	32.9	7.20	102.6	8.25	0.78	0.80	0.93	0.84	0.097					0	0	0	RWA -sampling on Wed not Tues (the usual day), 2/19/19 heavy rains throughout Maui (and whole state); sample site large boulders and rocks exposed where it's usually all sand 
yes	yes	yes	no	no	53	R2RS	LLHS	AA	CM		RNS	RNS190312	2006	Napili Bay	2019-03-12	8:01	1	1	5	1	3					RNS190312	22.8	35.9	6.94	98.8	8.16	1.00	0.93	1.21	1.05	0.139					0	6	0	RNS - signs it had rained recently, slight sprinkles while running tests
yes	yes	yes	no	no	53	R2RS	LLHS	AA	CM		RPO	RPO190312	2010	Pohaku	2019-03-12	8:30	1	1	5	1	3					RPO190312	22.8	33.8	6.72	94.5	8.17	5.06	6.09	5.14	5.43	0.106					1	5	0	RPO - slight sprinkles of rain
yes	yes	yes	no	no	53	R2RS	LLHS	AA	CM		RKS	RKS190312	2071	Kaanapali Shores	2019-03-12	9:05	1	1	5	1	3					RKS190312	22.9	34.9	6.99	99.1	8.17	5.16	6.05	4.83	5.35	0.118					0	0	0	
yes	yes	yes	no	no	53	R2RS	LLHS	AA	CM		RCB	RCB190312	2020	Canoe Beach	2019-03-12	9:20	1	1	5	1	3					RCB190312	24.4	34.8	6.72	97.7	8.20	2.55	2.60	2.62	2.59	0.014					1	7	0	
yes	yes	yes	no	no	53	R2RS	LLHS	AA	CM		RWA	RWA190312	2021	Wahikuli	2019-03-12	9:40	1	1	5	1	3					RWA190312	24.0	34.2	7.02	101.2	8.25	0.75	0.86	0.70	0.77	0.106					0	1	0	
yes	yes	yes	no	no	54	R2RS	LLHS	TF	AA	CM	RNS	RNS190402	2006	Napili Bay	2019-04-02	8:05	1	3	5	1	3					RNS190402	24.5	34.9	7.00	101.5	8.15	0.98	0.85	1.00	0.94	0.086					1	10	0	camera/videos (AKAKU) and Ann Rillero tagging along
yes	yes	yes	no	no	54	R2RS	LLHS	TF	AA	CM	RPO	RPO190402	2010	Pohaku	2019-04-02	8:51	1	3	5	1	3					RPO190402	24.3	32.5	7.24	103.2	8.21	3.59	3.81	4.10	3.83	0.067					0	3	0	camera/videos (AKAKU) and Ann Rillero tagging along
yes	yes	yes	no	no	54	R2RS	LLHS	TF	AA	CM	RKS	RKS190402	2071	Kaanapali Shores	2019-04-02	9:09	1	3	5	1	3					RKS190402	24.4	35.3	6.82	99.2	8.19	2.95	2.92	3.08	2.98	0.029					2	10	0	
yes	yes	yes	no	no	54	R2RS	LLHS	TF	AA	CM	RCB	RCB190402	2020	Canoe Beach	2019-04-02	9:37	1	3	5	1	3					RCB190402	25.0	35.1	6.73	98.7	8.22	2.37	2.24	2.37	2.33	0.032					2	11	0	camera/videos (AKAKU) and Ann Rillero tagging along, water a little brown where samples were taken and out about 10 feet, mostly sand
yes	yes	yes	no	no	54	R2RS	LLHS	TF	AA	CM	RWA	RWA190402	2021	Wahikuli	2019-04-02	10:07	1	3	5	1	3					RWA190402	24.8	33.1	6.91	100.0	8.23	1.45	1.39	1.57	1.47	0.062					0	0	0	
yes	yes	yes	no	no	55	R2RS	LLHS	TF	AA	BJ	RNS	RNS190423	2006	Napili Bay	2019-04-23	8:12	2	2	6	2	2					RNS190423	24.2	35.0	6.89	99.9	8.18	0.79	1.00	0.83	0.87	0.128					0	10	0	RNS - Partial overcast, small waves, light breaze
yes	yes	yes	no	no	55	R2RS	LLHS	TF	AA	BJ	RPO	RPO190423	2010	Pohaku	2019-04-23	8:32	2	2	6	2	2					RPO190423	24.2	34.3	6.67	96.1	8.18	2.95	2.92	2.72	2.86	0.044					0	2	0	
yes	yes	yes	no	no	55	R2RS	LLHS	TF	AA	BJ	RKS	RKS190423	2071	Kaanapali Shores	2019-04-23	8:51	2	2	6	2	2					RKS190423	23.8	34.9	6.64	95.3	8.14	2.86	2.79	2.93	2.86	0.024					1	2	0	
yes	yes	yes	no	no	55	R2RS	LLHS	TF	AA	BJ	RCB	RCB190423	2020	Canoe Beach	2019-04-23	9:12	2	2	6	2	2					RCB190423	25.1	34.9	6.75	99.3	8.22	5.39	5.58	5.20	5.39	0.035					5	4	0	
yes	yes	yes	no	no	55	R2RS	LLHS	TF	AA	BJ	RWA	RWA190423	2021	Wahikuli	2019-04-23	9:32	2	2	6	2	2					RWA190423	24.9	33.8	6.82	99.3	8.23	1.69	1.83	1.96	1.83	0.074					0	0	0	
yes	yes	yes	no	no	56	R2RS	LLHS	TF	BJ	TM	RNS	RNS190514	2006	Napili Bay	2019-05-14	8:15	1	3	5	1	3					RNS190514	26.1	34.9	6.82	101.8	8.18	2.21	2.46	2.49	2.39	0.064					3	5	0	Windy, with chopy surf
yes	yes	yes	no	no	56	R2RS	LLHS	TF	BJ	TM	RPO	RPO190514	2010	Pohaku	2019-05-14	8:45	1	3	5	1	3					RPO190514	25.7	34.0	6.90	102.3	8.20	6.78	7.18	7.48	7.15	0.049					2	4	0	RNS - Sprinkling
yes	yes	yes	no	no	56	R2RS	LLHS	TF	BJ	TM	RKS	RKS190514	2071	Kaanapali Shores	2019-05-14	9:02	1	3	5	1	3					RKS190514	26.4	35.7	6.79	102.5	8.17	5.16	5.28	5.11	5.18	0.017					6	7	0	RWA- Strong waves
yes	yes	yes	no	no	56	R2RS	LLHS	TF	BJ	TM	RCB	RCB190514	2020	Canoe Beach	2019-05-14	9:22	1	3	5	1	3					RCB190514	26.1	34.7	6.83	102.1	8.19	6.51	7.47	7.35	7.11	0.074					0	2	0	
yes	yes	yes	no	no	56	R2RS	LLHS	TF	BJ	TM	RWA	RWA190514	2021	Wahikuli	2019-05-14	9:42	1	3	5	1	3					RWA190514	26.5	34.6	6.82	102.5	8.22	17.40	17.40	16.90	17.23	0.017					0	0	0	
yes	yes	yes	no	no	57	R2RS	LLHS	TF	CM		RNS	RNS190604	2006	Napili Bay	2019-06-04	8:21	2	NBBF	6	2	2					RNS190604	25.5	33.4	6.76	99.5	8.16	1.49	2.36	1.41	1.75	0.301					1	2	0	Very light rain & cloudy.  No Waves
yes	yes	yes	no	no	57	R2RS	LLHS	TF	CM		RPO	RPO190604	2010	Pohaku	2019-06-04	9:01	2	NBBF	6	2	2					RPO190604	25.9	33.1	6.55	96.9	8.23	0.84	0.95	1.30	1.03	0.233				N	2	4	0	No Waves, no rain
yes	yes	yes	no	no	57	R2RS	LLHS	TF	CM		RKS	RKS190604	2071	Kaanapali Shores	2019-06-04	9:23	2	NBBF	6	2	2					RKS190604	26.0	35.4	6.99	105.0	8.21	1.34	1.19	1.33	1.29	0.065					1	2	0	No Waves
yes	yes	yes	no	no	57	R2RS	LLHS	TF	CM		RCB	RCB190604	2020	Canoe Beach	2019-06-04	9:50	2	NBBF	6	2	2					RCB190604	27.7	34.0	7.05	108.0	8.29	2.59	3.25	2.65	2.83	0.129					1	3	0	2 of 3 people on beach fishermen.  pH Probe - initial #s due to being in air for 30 sec.  Let stabilize again in solution & reread after 1 min back in seawater
yes	yes	yes	no	no	57	R2RS	LLHS	TF	CM		RWA	RWA190604	2021	Wahikuli	2019-06-04	10:09	2	NBBF	6	2	2					RWA190604	27.5	35.0	6.66	102.3	8.26	1.60	0.47	0.67	0.91	0.660					0	2	0	A few large particles in turbidity sample
yes	yes	yes	no	no	58	R2RS	LLHS	TF	BJ	AA	RNS	RNS190625	2006	Napili Bay	2019-06-25	8:12	1	3	5	1	3					RNS190625	27.8	34.6	6.58	102.1	8.10	3.98	4.52	3.92	4.14	0.080					6	15	0	RNS - Very calm;  Kona winds
yes	yes	yes	no	no	58	R2RS	LLHS	TF	BJ	AA	RPO	RPO190625	2010	Pohaku	2019-06-25	8:32	1	3	5	1	3					RPO190625	27.5	34.9	6.61	101.9	8.17	2.84	2.73	3.33	2.97	0.108				N	0	5	0	RCB - windy Kona; lifegaurd training in progress
yes	yes	yes	no	no	58	R2RS	LLHS	TF	BJ	AA	RKS	RKS190625	2071	Kaanapali Shores	2019-06-25	8:54	1	3	5	1	3					RKS190625	27.7	35.9	6.35	99.0	8.17	7.95	7.75	7.72	7.81	0.016					6	6	0	
yes	yes	yes	no	no	58	R2RS	LLHS	TF	BJ	AA	RCB	RCB190625	2020	Canoe Beach	2019-06-25	9:18	1	3	5	1	3					RCB190625	27.6	34.4	6.86	105.8	8.20	3.42	3.62	3.53	3.52	0.028					3	12	0	
yes	yes	yes	no	no	58	R2RS	LLHS	TF	BJ	AA	RWA	RWA190625	2021	Wahikuli	2019-06-25	9:34	1	3	5	1	3					RWA190625	27.7	34.4	6.73	103.9	8.21	1.88	1.82	2.25	1.98	0.117					5	0	0	
yes	yes	yes	no	no	59	R2RS	LLHS	TF	BJ	JS	RNS	RNS190716	2006	Napili Bay	2019-07-16	8:18	2	NBBF	6	2	2					RNS190716	26.9	34.1	6.77	102.7	8.17	79.50	84.30	80.60	81.47	0.031					0	0	0	
yes	yes	yes	no	no	59	R2RS	LLHS	TF	BJ	JS	RPO	RPO190716	2010	Pohaku	2019-07-16	8:45	2	NBBF	6	2	2					RPO190716	26.7	33.6	6.84	103.0	8.20	5.73	6.33	6.36	6.14	0.058				N	0	1	0	
yes	yes	yes	no	no	59	R2RS	LLHS	TF	BJ	JS	RKS	RKS190716	2071	Kaanapali Shores	2019-07-16	9:04	2	NBBF	6	2	2					RKS190716	27.4	36.0	6.52	100.7	8.17	3.66	3.72	3.76	3.71	0.014					12	6	0	
yes	yes	yes	no	no	59	R2RS	LLHS	TF	BJ	JS	RCB	RCB190716	2020	Canoe Beach	2019-07-16	9:22	2	NBBF	6	2	2					RCB190716	27.9	35.6	6.55	101.6	8.21	5.97	6.47	6.03	6.16	0.044					0	0	0	
yes	yes	yes	no	no	59	R2RS	LLHS	TF	BJ	JS	RWA	RWA190716	2021	Wahikuli	2019-07-16	9:38	2	NBBF	6	2	2					RWA190716	27.5	34.9	6.63	101.9	8.23	6.15	6.08	5.81	6.01	0.030					0	0	0	
yes	yes	yes	no	no	60	R2RS	LLHS	TF	BJ	AA	RNS	RNS190806	2006	Napili Bay	2019-08-06	8:15	1	3	5	1	3					RNS190806	27.4	35.6	6.60	102.0	8.13	5.47	4.96	5.67	5.37	0.068					0	4	0	
yes	yes	yes	no	no	60	R2RS	LLHS	TF	BJ	AA	RPO	RPO190806	2010	Pohaku	2019-08-06	8:35	1	3	5	1	3					RPO190806	27.2	35.1	6.58	101.1	8.17	5.13	5.51	4.39	5.01	0.114					3	0	0	breezy
yes	yes	yes	no	no	60	R2RS	LLHS	TF	BJ	AA	RKS	RKS190806	2071	Kaanapali Shores	2019-08-06	8:55	1	3	5	1	3					RKS190806	27.0	35.8	6.53	100.4	8.11	5.73	5.91	5.94	5.86	0.019					6	8	0	calm, cloudy
yes	yes	yes	no	no	60	R2RS	LLHS	TF	BJ	AA	RCB	RCB190806	2020	Canoe Beach	2019-08-06	9:15	1	3	5	1	3					RCB190806	27.4	35.4	6.69	103.2	8.20	1.94	2.01	1.99	1.98	0.018					0	0	0	
yes	yes	yes	no	no	60	R2RS	LLHS	TF	BJ	AA	RWA	RWA190806	2021	Wahikuli	2019-08-06	9:35	1	3	5	1	3					RWA190806	27.4	35.5	6.57	101.4	8.20	2.00	1.99	2.06	2.02	0.019					0	0	0	
yes	yes	yes	no	no	61	R2RS	LLHS	TF	AA	CM	RNS	RNS190827	2006	Napili Bay	2019-08-27	8:14	2	NBBF	6	2	2					RNS190827	28.0	34.3	6.41	99.2	8.15	3.51	3.48	3.62	3.54	0.021				N	5	13	0	RNS - blank is high, when first turned on turbidity meter had to reset time/date info before operation
yes	yes	yes	no	no	61	R2RS	LLHS	TF	AA	CM	RPO	RPO190827	2010	Pohaku	2019-08-27	8:38	2	NBBF	6	2	2					RPO190827	28.3	34.2	6.44	100.0	8.22	0.84	1.12	1.16	1.04	0.168				N	0	2	0	
yes	yes	yes	no	no	61	R2RS	LLHS	TF	AA	CM	RKS	RKS190827	2071	Kaanapali Shores	2019-08-27	8:58	2	NBBF	6	2	2					RKS190827	28.3	36.0	5.84	91.5	8.13	1.87	2.16	1.95	1.99	0.075					2	4	0	
yes	yes	yes	no	no	61	R2RS	LLHS	TF	AA	CM	RCB	RCB190827	2020	Canoe Beach	2019-08-27	9:17	2	NBBF	6	2	2					RCB190827	28.7	35.2	6.46	101.7	8.22	2.30	1.93	1.86	2.03	0.116					0	2	0	
yes	yes	yes	no	no	61	R2RS	LLHS	TF	AA	CM	RWA	RWA190827	2021	Wahikuli	2019-08-27	9:38	2	NBBF	6	2	2					RWA190827	28.6	34.8	6.41	100.3	8.25	2.31	2.14	2.04	2.16	0.063					0	3	0	RWA - one dog
yes	yes	yes	no	no	62	R2RS	LLHS	TF	BJ	AA	RNS	RNS190917	2006	Napili Bay	2019-09-17	8:15	1	3	5	1	3					RNS190917	27.2	35.3	6.62	102.1	8.11	3.25	3.07	3.26	3.19	0.033					4	6	0	RNS - calm small/zero waves
yes	yes	yes	no	no	62	R2RS	LLHS	TF	BJ	AA	RPO	RPO190917	2010	Pohaku	2019-09-17	8:35	1	3	5	1	3					RPO190917	27.6	35.5	6.54	101.5	8.14	8.48	8.65	8.80	8.64	0.019					1	1	0	RPO - small shore break
yes	yes	yes	no	no	62	R2RS	LLHS	TF	BJ	AA	RKS	RKS190917	2071	Kaanapali Shores	2019-09-17	8:55	1	3	5	1	3					RKS190917	28.0	36.0	6.50	101.7	8.15	2.05	2.45	2.69	2.40	0.135					3	4	0	RKS - more sand on beach than usual - 30 ft
yes	yes	yes	no	no	62	R2RS	LLHS	TF	BJ	AA	RCB	RCB190917	2020	Canoe Beach	2019-09-17	9:15	1	3	5	1	3					RCB190917	28.2	35.6	6.57	103.1	8.20	1.46	1.65	1.54	1.55	0.062					0	8	0	
yes	yes	yes	no	no	62	R2RS	LLHS	TF	BJ	AA	RWA	RWA190917	2021	Wahikuli	2019-09-17	9:35	1	3	5	1	3					RWA190917	28.2	35.3	6.58	103.1	8.21	1.56	1.62	1.63	1.60	0.024					0	0	0	
yes	yes	yes	no	no	63	R2RS	LLHS	BJ	JK	CM	RNS	RNS191008	2006	Napili Bay	2019-10-08	8:12	2	NBBF	6	2	2					RNS191008	27.5	36.2	6.38	98.9	8.19	1.70	1.92	2.53	2.05	0.210				0	0	2	0	2100Q Turbidity Machine gave values much higher than "the Blank" in pre-sampling. (Note: CM in field, did all the usual things to decrease blank turbidity and as a last resort) tried to re-fill vial w/distilled H2O (from field squirt bottle). Could NOT get the Blank value lower in the field (believe water was old and contaminated so later in day got new DI water to use for this purpose for the rest of the week. Note no further problems all week). RNS - clear, low clouds over Moloka'i, high surf (2-3 ft), high tide, tape on nutrient bottle loose, temperature corrected by review of instrument
yes	yes	yes	no	no	63	R2RS	LLHS	BJ	JK	CM	RPO	RPO191008	2010	Pohaku	2019-10-08	8:39	2	NBBF	6	2	2					RPO191008	27.1	34.6	6.45	98.5	8.15	21.60	21.30	21.00	21.30	0.014				0	0	0	0	RPO - sandy near shore due to large shore break ~3 ft swell.
yes	yes	yes	no	no	63	R2RS	LLHS	BJ	JK	CM	RKS	RKS191008	2071	Kaanapali Shores	2019-10-08	9:21	2	NBBF	6	2	2					RKS191008	27.7	36.2	6.44	100.2	8.18	5.08	5.28	6.81	5.72	0.165					4	3	0	RKS - 5.40  4th reading after better mixing
yes	yes	yes	no	no	63	R2RS	LLHS	BJ	JK	CM	RCB	RCB191008	2020	Canoe Beach	2019-10-08	9:48	2	NBBF	6	2	2					RCB191008	28.7	35.6	6.41	101.0	8.23	2.59	2.46	2.48	2.51	0.028					4	0	0	
yes	yes	yes	no	no	63	R2RS	LLHS	BJ	JK	CM	RWA	RWA191008	2021	Wahikuli	2019-10-08	10:08	2	NBBF	6	2	2					RWA191008	28.5	36.1	6.28	98.9	8.23	1.83	1.87	1.80	1.83	0.019					0	2	0	RWA - flat water - no waves
yes	yes	yes	no	no	64	R2RS	LLHS	JK	BJ	TM	RNS	RNS191029	2006	Napili Bay	2019-10-29	8:24	1	1	5	1	3					RNS191029	26.8	36.0	6.72	103.2	8.13	1.44	1.54	1.71	1.56	0.087				0	0	4	0	
yes	yes	yes	no	no	64	R2RS	LLHS	JK	BJ	TM	RPO	RPO191029	2010	Pohaku	2019-10-29	8:55	1	1	5	1	3					RPO191029	26.2	34.3	6.80	102.4	8.11	11.50	11.10	11.00	11.20	0.024				0	1	1	0	
yes	yes	yes	no	no	64	R2RS	LLHS	JK	BJ	TM	RKS	RKS191029	2071	Kaanapali Shores	2019-10-29	9:22	1	1	5	1	3					RKS191029	27.5	36.1	6.60	102.6	8.16	3.74	3.40	3.17	3.44	0.083					7	6	0	
yes	yes	yes	no	no	64	R2RS	LLHS	JK	BJ	TM	RCB	RCB191029	2020	Canoe Beach	2019-10-29	9:46	1	1	5	1	3					RCB191029	27.7	34.6	6.83	105.6	8.20	1.41	1.18	1.24	1.28	0.093				0	11	5	0	RCB - 4 people straight out - close proximity to sample site in water
yes	yes	yes	no	no	64	R2RS	LLHS	JK	BJ	TM	RWA	RWA191029	2021	Wahikuli	2019-10-29	10:09	1	1	5	1	3					RWA191029	27.7	35.3	6.59	102.3	8.18	3.20	3.77	3.21	3.39	0.096				0	1	5	0	RWA - 4th turbidity sample 3.08
yes	yes	yes	no	no	65	R2RS	LLHS	AA	BJ	TM	RNS	RNS191119	2006	Napili Bay	2019-11-19	8:20	2	NBBF	6	2	2					RNS191119	26.9	36.0	6.38	97.8	8.15	1.33	1.40	1.39	1.37	0.028				0	1	3	0	3-5ft waves, shore break
yes	yes	yes	no	no	65	R2RS	LLHS	AA	BJ	TM	RPO	RPO191119	2010	Pohaku	2019-11-19	8:42	2	NBBF	6	2	2					RPO191119	27.1	35.6	6.27	96.1	8.18	10.30	10.00	9.70	10.00	0.030				0	0	3	0	Monk Seal on beach
yes	yes	yes	no	no	65	R2RS	LLHS	AA	BJ	TM	RKS	RKS191119	2071	Kaanapali Shores	2019-11-19	9:18	2	NBBF	6	2	2					RKS191119	26.9	36.0	6.46	99.0	8.17	3.56	3.39	3.33	3.43	0.035					0	7	0	
yes	yes	yes	no	no	65	R2RS	LLHS	AA	BJ	TM	RCB	RCB191119	2020	Canoe Beach	2019-11-19	9:33	2	NBBF	6	2	2					RCB191119	27.8	36.0	6.45	100.4	8.22	1.26	1.27	1.39	1.31	0.055				0	0	0	0	RCB - 4 people straight out - close proximity to sample site in water
yes	yes	yes	no	no	65	R2RS	LLHS	AA	BJ	TM	RWA	RWA191119	2021	Wahikuli	2019-11-19	9:51	2	NBBF	6	2	2					RWA191119	27.7	36.2	6.33	98.5	8.24	7.70	7.21	7.23	7.38	0.038				0	0	0	0	RWA - 4th turbidity sample 3.08
yes	yes	yes	no	no	66	R2RS	LLHS	JK	BJ	TM	RNS	RNS191203	2006	Napili Bay	2019-12-03	8:10	1	1	5	1	3					RNS191203	25.9	36.1	6.71	100.9	8.18	1.40	1.40	1.46	1.42	0.024				N	0	0	0	RNS - Rainy and high surf; DO and salinity probes not reading properly in 1st test at this site/worked 2nd time
yes	yes	yes	no	no	66	R2RS	LLHS	JK	BJ	TM	RPO	RPO191203	2010	Pohaku	2019-12-03	8:50	1	1	5	1	3					RPO191203	25.5	35.8	6.78	101.1	8.15	29.40	31.90	30.80	30.70	0.041				N	0	0	0	RPO - large waves, surfers way out, murky pretty far out, to the surfers
yes	yes	yes	no	no	66	R2RS	LLHS	JK	BJ	TM	RKS	RKS191203	2071	Kaanapali Shores	2019-12-03	9:18	1	1	5	1	3					RKS191203	26.1	35.7	6.83	103.0	8.17	2.98	3.27	3.33	3.19	0.059				NA	1	5	0	RKS - a lot of water movement, 1-2 ft swells
yes	yes	yes	no	no	66	R2RS	LLHS	JK	BJ	TM	RCB	RCB191203	2020	Canoe Beach	2019-12-03	9:47	1	1	5	1	3					RCB191203	27.1	35.7	6.67	102.2	8.21	1.41	1.58	1.59	1.53	0.066				N	8	6	0	RCB - calm, clear skies
yes	yes	yes	no	no	66	R2RS	LLHS	JK	BJ	TM	RWA	RWA191203	2021	Wahikuli	2019-12-03	10:13	1	1	5	1	3					RWA191203	27.1	35.4	6.69	102.5	8.22	7.21	6.73	6.97	6.97	0.034				NA	1	0	0	RWA - calm; DO and salinity probes not reading properly in first test (repeat problem from RNS), worked the 2nd time (CM note: the problem both times this happened was that when hitting the read button, it appeared to make the measurement and then 'lock', then one or both measurements would disappear from the screen. This was not seen/reproduced in the lab during pre and post verification for this session and was not seen subsequently on preverification on 12/12/19 as prepared for the all day testing planned for Canoe Beach on 12/15/19, using the same instrument and probes.
yes	yes	yes	no	no	67	R2RS	LLHS	TF	JS		RNS	RNS200107	2006	Napili Bay	2020-01-07	8:11	2	NBBF	6	2	2					RNS200107	23.9	35.4	6.64	95.7	8.17	3.38	3.26	3.33	3.32	0.018				NO	2	2	0	
yes	yes	yes	no	no	67	R2RS	LLHS	TF	JS		RPO	RPO200107	2010	Pohaku	2020-01-07	8:40	2	NBBF	6	2	2					RPO200107	24.3	32.6	6.53	93.1	8.20	3.57	4.33	4.49	4.13	0.119				NO	0	0	0	Raining during sample collection.  Utilized lid on bucket.
yes	yes	yes	no	no	67	R2RS	LLHS	TF	JS		RKS	RKS200107	2071	Kaanapali Shores	2020-01-07	9:00	2	NBBF	6	2	2					RKS200107	24.3	35.2	6.77	98.1	8.19	3.18	3.01	2.84	3.01	0.056				NO	0	0	0	
yes	yes	yes	no	no	67	R2RS	LLHS	TF	JS		RCB	RCB200107	2020	Canoe Beach	2020-01-07	9:20	2	NBBF	6	2	2					RCB200107	25.3	35.6	6.34	93.5	8.22	1.70	1.49	1.51	1.57	0.074				NO	10	5	0	
yes	yes	yes	no	no	67	R2RS	LLHS	TF	JS		RWA	RWA200107	2021	Wahikuli	2020-01-07	9:39	2	NBBF	6	2	2					RWA200107	25.2	34.3	6.53	95.5	8.24	0.71	0.76	0.86	0.78	0.098				NO	0	0	0	
yes	yes	yes	no	no	68	R2RS	LLHS	BJ	JS	BB	RNS	RNS200128	2006	Napili Bay	2020-01-28	8:16	1	1	5	1	3					RNS200128	24.6	35.8	6.89	100.8	8.15	0.57	0.60	0.62	0.60	0.042				NA	4	1	0	Ocean Calm, 1/2 ft. waves
yes	yes	yes	no	no	68	R2RS	LLHS	BJ	JS	BB	RPO	RPO200128	2010	Pohaku	2020-01-28	8:44	1	1	5	1	3					RPO200128	24.7	35.1	6.89	100.7	8.13	8.91	8.72	9.00	8.88	0.016				NA	0	0	0	
yes	yes	yes	no	no	68	R2RS	LLHS	BJ	JS	BB	RKS	RKS200128	2071	Kaanapali Shores	2020-01-28	9:10	1	1	5	1	3					RKS200128	24.7	35.8	6.83	100.4	8.15	3.26	3.33	3.49	3.36	0.035				NA	0	5	0	Ocean Calm
yes	yes	yes	no	no	68	R2RS	LLHS		JS	BB	RCB	RCB200128	2020	Canoe Beach	2020-01-28	9:43	1	1	5	1	3					RCB200128	25.4	35.3	6.84	101.4	8.19	2.36	2.05	2.31	2.24	0.074				N	0	6	0	4th. Turbidty Reading - 2.36 NTU.  High bacteria level posted by DOH - Jan 22, 2020
yes	yes	yes	no	no	68	R2RS	LLHS		JS	BB	RWA	RWA200128	2021	Wahikuli	2020-01-28	10:01	1	1	5	1	3					RWA200128	25.2	34.9	6.87	101.4	8.20	3.35	3.86	3.66	3.62	0.071				NA	0	0	0	1-2 ft waves.  Lots of sand near shore
yes	yes	yes	no	no	69	R2RS	LLHS	JK	CH	JS	RNS	RNS200219	2006	Napili Bay	2020-02-19	8:20	1	1	5	1	3					RNS200219	23.6	35.3	7.08	101.4	8.15	1.59	1.98	1.78	1.78	0.109				N	2	8	0	very clear and calm at all sites
yes	yes	yes	no	no	69	R2RS	LLHS	JK	CH	JS	RPO	RPO200219	2010	Pohaku	2020-02-19	8:55	1	1	5	1	3					RPO200219	23.4	33.3	7.02	99.3	8.16	8.19	7.74	8.37	8.10	0.040				N	0	2	0	very clear and calm at all sites
yes	yes	yes	no	no	69	R2RS	LLHS	JK	CH	JS	RKS	RKS200219	2071	Kaanapali Shores	2020-02-19	9:21	1	1	5	1	3					RKS200219	23.4	35.5	7.08	101.3	8.16	1.88	1.74	2.02	1.88	0.074				N	2	0	0	very clear and calm at all sites
yes	yes	yes	no	no	69	R2RS	LLHS	JK	CH	JS	RCB	RCB200219	2020	Canoe Beach	2020-02-19	9:51	1	1	5	1	3					RCB200219	24.7	35.2	6.93	101.4	8.20	0.88	0.96	0.99	0.94	0.060				N	6	20	0	very clear and calm at all sites
yes	yes	yes	no	no	69	R2RS	LLHS	JK	CH	JS	RWA	RWA200219	2021	Wahikuli	2020-02-19	10:17	1	1	5	1	3					RWA200219	24.6	34.7	6.96	101.5	8.20	1.04	1.26	1.11	1.14	0.099				N	0	1	0	very clear and calm at all sites
yes	yes	yes	no	no	70	R2RS	LLHS	JK	BJ	TM	RNS	RNS200310	2006	Napili Bay	2020-03-10	8:19	1	1	5	1	3					RNS200310	24.2	35.7	6.96	101.2	8.18	1.34	1.51	1.27	1.37	0.090				N	no data	4	0	RNS - warm, clear, few clouds, sunny; water clear, small waves at shore
yes	yes	yes	no	no	70	R2RS	LLHS	JK	BJ	TM	RPO	RPO200310	2010	Pohaku	2020-03-10	8:53	1	1	5	1	3					RPO200310	23.5	34.0	7.13	101.6	8.15	7.64	8.38	7.42	7.81	0.064				N	no data	1	0	RPO - warm, clear, surfers 60-70 yards out; water clear, calm at shore
yes	yes	yes	no	no	70	R2RS	LLHS	JK	BJ	TM	RKS	RKS200310	2071	Kaanapali Shores	2020-03-10	9:15	1	1	5	1	3					RKS200310	24.1	35.3	6.97	101.1	8.18	3.15	2.70	2.41	2.75	0.135				N	no data	4	0	RKS - 2 surfers 50 ft out, 2 paddle boarders 60-70 yards out...sunny, clear; water clear, calm
yes	yes	yes	no	no	70	R2RS	LLHS	JK	BJ	TM	RCB	RCB200310	2020	Canoe Beach	2020-03-10	9:42	1	1	5	1	3					RCB200310	25.2	34.5	6.73	99.3	8.19	0.96	0.95	0.90	0.94	0.034				NA	no data	1	0	RCB - no waves, clear, sunny, light breeze; water flat
yes	yes	yes	no	no	70	R2RS	LLHS	JK	BJ	TM	RWA	RWA200310	2021	Wahikuli	2020-03-10	10:06	1	1	5	1	3					RWA200310	24.8	34.1	6.87	100.2	8.22	1.15	1.14	1.20	1.16	0.028				NA	no data	0	0	RWA - calm, clear, sunny; water flat
yes	yes	yes	no	no	71	R2RS	LLHS	TS	JS		RNS	RNS200512	2006	Napili Bay	2020-05-12	8:10	1	1	3	1	1					RNS200512	25.0	34.4	6.68	97.8		1.80	1.51	1.78	1.70	0.095				N	0	0	0	Meters and Probes used were from the southside lab.
yes	yes	yes	no	no	71	R2RS	LLHS	TS	JS		RPO	RPO200512	2010	Pohaku	2020-05-12	8:34	1	1	3	1	1					RPO200512	25.0	30.6	6.88	98.6		6.88	7.43	7.86	7.39	0.066				N	0	0	0	RNS: drizzled while sampling; RPD: suspended particles visible in turbidity bottle
yes	yes	yes	no	no	71	R2RS	LLHS	TS	JS		RKS	RKS200512	2071	Kaanapali Shores	2020-05-12	9:00	1	1	3	1	1					RKS200512	25.1	34.7	6.74	99.1		1.53	1.47	1.60	1.53	0.042				N	0	1	0	RKS: fisherman on beach; RCB: lifeguards saving water way more clear
yes	yes	yes	no	no	71	R2RS	LLHS	TS	JS		RCB	RCB200512	2020	Canoe Beach	2020-05-12	9:20	1	1	3	1	1					RCB200512	26.3	33.7	6.77	101.1		0.57	0.72	0.77	0.69	0.152				N	0	0	0	RWA: noticed high pH numbers - tried other pH probe #4 and got 8.21
yes	yes	yes	no	no	71	R2RS	LLHS	TS	JS		RWA	RWA200512	2021	Wahikuli	2020-05-12	9:38	1	1	3	1	1					RWA200512	25.9	33.2	6.67	98.8		0.53	0.44	0.49	0.49	0.093				N	0	0	0	Samplers noted high pH numbers and reported them and they will be QA'd out.
yes	yes	yes	no	no	72	R2RS	LLHS	GS	JS		RNS	RNS200618	2006	Napili Bay	2020-06-18	8:25	1	1	5	1	3					RNS200618	26.0	34.7	7.03	105.2	8.12	5.70	5.54	5.37	5.54	0.030				N	0	0	0	All sites: Weather calm, sunny, and not very windy. 
yes	yes	yes	no	no	72	R2RS	LLHS	GS	JS		RPO	RPO200618	2010	Pohaku	2020-06-18	8:52	1	1	5	1	3					RPO200618	25.3	34.0	6.84	100.8	8.12	3.10	3.10	2.58	2.93	0.103				N	0	0	0	
yes	yes	yes	no	no	72	R2RS	LLHS	GS	JS		RKS	RKS200618	2071	Kaanapali Shores	2020-06-18	9:16	1	1	5	1	3					RKS200618	26.4	36.3	6.65	101.0	8.06	4.12	4.15	4.69	4.32	0.074				N	0	0	0	
yes	yes	yes	no	no	72	R2RS	LLHS	GS	JS		RCB	RCB200618	2020	Canoe Beach	2020-06-18	9:50	1	1	5	1	3					RCB200618	26.6	35.4	6.86	104.1	8.16	12.20	12.70	13.10	12.67	0.036				N	0	0	0	
yes	yes	yes	no	no	72	R2RS	LLHS	GS	JS		RWA	RWA200618	2021	Wahikuli	2020-06-18	10:08	1	1	5	1	3					RWA200618	26.5	35.5	6.85	103.8	8.16	1.64	1.62	1.65	1.64	0.009				N	0	0	0	RWA - Fisherman set up with pole in water. 
yes	yes	yes	no	no	73	R2RS	LLHS	JS			RNS	RNS200707	2006	Napili Bay	2020-07-07	8:05	1	1	5	1	3					RNS200707	26.3	35.6	6.58	99.5	8.08	3.90	3.91	3.76	3.86	0.022				N	1	0	0	
yes	yes	yes	no	no	73	R2RS	LLHS	JS			RPO	RPO200707	2010	Pohaku	2020-07-07	8:39	1	1	5	1	3					RPO200707	26.1	31.5	6.74	99.4	8.14	1.80	1.39	1.71	1.63	0.132				N	0	0	0	
yes	yes	yes	no	no	73	R2RS	LLHS	JS			RKS	RKS200707	2071	Kaanapali Shores	2020-07-07	9:10	1	1	5	1	3					RKS200707	26.0	36.6	6.37	96.4	8.11	2.03	2.22	2.00	2.08	0.057				N	0	0	0	
yes	yes	yes	no	no	73	R2RS	LLHS	JS			RCB	RCB200707	2020	Canoe Beach	2020-07-07	9:40	1	1	5	1	3					RCB200707	26.8	34.9	6.80	103.3	8.17	6.76	6.96	6.66	6.79	0.022				N	0	0	0	
yes	yes	yes	no	no	73	R2RS	LLHS	JS			RWA	RWA200707	2021	Wahikuli	2020-07-07	9:58	1	1	5	1	3					RWA200707	26.5	34.9	6.76	102.1	8.18	1.84	1.55	1.56	1.65	0.100				N	0	3	0	
yes	yes	yes	no	no	74	R2RS	LLHS	JS	GS	JK	RNS	RNS200728	2006	Napili Bay	2020-07-28	8:05	1	1	5	1	3					RNS200728	25.6	35.8	6.58	98.7	8.07	1.39	1.50	1.52	1.47	0.048				N	0	1	0	Napili - Temproary stop in mist, calm/no wave action
yes	yes	yes	no	no	74	R2RS	LLHS	JS	GS	JK	RPO	RPO200728	2010	Pohaku	2020-07-28	8:31	1	1	5	1	3					RPO200728	26.0	34.6	6.55	98.0	8.15	2.90	2.61	2.60	2.70	0.063				N	0	0	0	RPO- Overcast, calm/no wave action
yes	yes	yes	no	no	74	R2RS	LLHS	JS	GS	JK	RKS	RKS200728	2071	Kaanapali Shores	2020-07-28	8:51	1	1	5	1	3					RKS200728	25.0	35.9	6.53	96.8	8.04	2.42	2.35	2.76	2.51	0.087				N	0	0	0	RKS - Raining/ sprinkling
yes	yes	yes	no	no	74	R2RS	LLHS	JS	GS	JK	RKT	RKT200728		Kahekili Two	2020-07-28	9:19	1	1	5	1	3					RKT200728	25.9	36.7	6.54	98.7	8.15	0.74	0.74	0.76	0.75	0.015				N	0	0	0	RKT - Sprinkling when sampling, sewage smell
yes	yes	yes	no	no	74	R2RS	LLHS	JS	GS	JK	RCB	RCB200728	2020	Canoe Beach	2020-07-28	9:43	1	1	5	1	3					RCB200728	26.4	36.6	6.57	99.9	8.16	0.86	0.78	0.84	0.83	0.050				N	0	2	0	RCB - sewage smell, 2 people fishing
yes	yes	yes	no	no	74	R2RS	LLHS	JS	GS	JK	RWA	RWA200728	2021	Wahikuli	2020-07-28	10:00	1	1	5	1	3					RWA200728	26.6	36.4	6.58	100.4	8.17	0.63	0.63	0.67	0.64	0.036				N	0	3	0	RWA - fisherman & misting. 
yes	yes	yes	no	no	75	R2RS	LLHS	JS	TM	JK, CH	RNS	RNS200818	2006	Napili Bay	2020-08-18	8:10	2	NBBF	6	2	2					RNS200818	26.2	33.2	6.20	92.3	7.57	2.51	2.72	2.34	2.52	0.075				N	0	0	0	*Turbidity value not reading <0.10, brand new distilled water
yes	yes	yes	no	no	75	R2RS	LLHS	JS	TM	JK, CH	RPO	RPO200818	2010	Pohaku	2020-08-18	8:35	2	NBBF	6	2	2					RPO200818	26.2	31.8	6.20	91.7	8.16	0.89	0.75	0.94	0.86	0.115				N	0	0	0	RPO- Very clear & calm 
yes	yes	yes	no	no	75	R2RS	LLHS	JS	TM	JK, CH	RKS	RKS200818	2071	Kaanapali Shores	2020-08-18	9:02	2	NBBF	6	2	2					RKS200818	26.7	34.7	6.32	95.5	8.14	1.28	1.52	1.19	1.33	0.128				N	0	0	0	
yes	yes	yes	no	no	75	R2RS	LLHS	JS	TM	JK, CH	RKT	RKT200818	N/A	Kahekili Two	2020-08-18	9:30	2	NBBF	6	2	2					RKT200818	26.5	34.6	6.40	96.6	8.14	1.25	1.71	1.21	1.39	0.200				N	0	0	0	
yes	yes	yes	no	no	75	R2RS	LLHS	JS	TM	JK, CH	RCB	RCB200818	2020	Canoe Beach	2020-08-18	9:55	2	NBBF	6	2	2					RCB200818	27.4	34.2	6.49	99.2	8.18	5.92	5.59	5.87	5.79	0.031				N	0	0	0	
yes	yes	yes	no	no	75	R2RS	LLHS	JS	TM	JK, CH	RWA	RWA200818	2021	Wahikuli	2020-08-18	10:15	2	NBBF	6	2	2					RWA200818	26.9	33.2	6.45	97.2	8.18	1.25	1.20	1.25	1.23	0.023				N	0	0	0	