Organization ID,Monitoring Location ID,Monitoring Location Name,Activity ID,Activity Start Date,Activity Type,Media,Media Subdivision,Last Changed
HUIWAIOLA_WQX,OUB,Ukumehame Beach,OPB160908NH4,09-08-2016,Sample-Routine,Water,,08-06-2017 7:32:23 PM
HUIWAIOLA_WQX,OUB,Ukumehame Beach,OPB160908NNN,09-08-2016,Sample-Routine,Water,,08-06-2017 7:32:23 PM
HUIWAIOLA_WQX,OUB,Ukumehame Beach,OPB160908PO4,09-08-2016,Sample-Routine,Water,,08-06-2017 7:32:23 PM
HUIWAIOLA_WQX,OUB,Ukumehame Beach,OPB160908Si,09-08-2016,Sample-Routine,Water,,08-06-2017 7:32:23 PM
HUIWAIOLA_WQX,OUB,Ukumehame Beach,OPB160908TN,09-08-2016,Sample-Routine,Water,,08-06-2017 7:32:22 PM
HUIWAIOLA_WQX,OUB,Ukumehame Beach,OPB160908TP,09-08-2016,Sample-Routine,Water,,08-06-2017 7:32:23 PM
HUIWAIOLA_WQX,OUB,Ukumehame Beach,OUB160616DO,06-16-2016,Field Msr/Obs,Water,,08-06-2017 7:32:00 PM
HUIWAIOLA_WQX,OUB,Ukumehame Beach,OUB160616DOp,06-16-2016,Field Msr/Obs,Water,,08-06-2017 7:32:00 PM
HUIWAIOLA_WQX,OUB,Ukumehame Beach,OUB160616NH4,06-16-2016,Sample-Routine,Water,,08-06-2017 7:32:04 PM
HUIWAIOLA_WQX,OUB,Ukumehame Beach,OUB160616NNN,06-16-2016,Sample-Routine,Water,,08-06-2017 7:32:04 PM
HUIWAIOLA_WQX,OUB,Ukumehame Beach,OUB160616pH,06-16-2016,Field Msr/Obs,Water,,08-06-2017 7:32:01 PM
HUIWAIOLA_WQX,OUB,Ukumehame Beach,OUB160616PO4,06-16-2016,Sample-Routine,Water,,08-06-2017 7:32:03 PM
HUIWAIOLA_WQX,OUB,Ukumehame Beach,OUB160616S,06-16-2016,Field Msr/Obs,Water,,08-06-2017 7:32:01 PM
HUIWAIOLA_WQX,OUB,Ukumehame Beach,OUB160616Si,06-16-2016,Sample-Routine,Water,,08-06-2017 7:32:03 PM
HUIWAIOLA_WQX,OUB,Ukumehame Beach,OUB160616T,06-16-2016,Field Msr/Obs,Water,,08-06-2017 7:32:00 PM
HUIWAIOLA_WQX,OUB,Ukumehame Beach,OUB160616TB,06-16-2016,Field Msr/Obs,Water,,08-06-2017 7:32:02 PM
HUIWAIOLA_WQX,OUB,Ukumehame Beach,OUB160616TN,06-16-2016,Sample-Routine,Water,,08-06-2017 7:32:02 PM
HUIWAIOLA_WQX,OUB,Ukumehame Beach,OUB160616TP,06-16-2016,Sample-Routine,Water,,08-06-2017 7:32:03 PM
HUIWAIOLA_WQX,OUB,Ukumehame Beach,OUB160630DO,06-30-2016,Field Msr/Obs,Water,,08-06-2017 7:32:04 PM
HUIWAIOLA_WQX,OUB,Ukumehame Beach,OUB160630DOp,06-30-2016,Field Msr/Obs,Water,,08-06-2017 7:32:04 PM
HUIWAIOLA_WQX,OUB,Ukumehame Beach,OUB160630NH4,06-30-2016,Sample-Routine,Water,,08-06-2017 7:32:06 PM
HUIWAIOLA_WQX,OUB,Ukumehame Beach,OUB160630NNN,06-30-2016,Sample-Routine,Water,,08-06-2017 7:32:06 PM
HUIWAIOLA_WQX,OUB,Ukumehame Beach,OUB160630pH,06-30-2016,Field Msr/Obs,Water,,08-06-2017 7:32:05 PM
HUIWAIOLA_WQX,OUB,Ukumehame Beach,OUB160630PO4,06-30-2016,Sample-Routine,Water,,08-06-2017 7:32:06 PM
HUIWAIOLA_WQX,OUB,Ukumehame Beach,OUB160630S,06-30-2016,Field Msr/Obs,Water,,08-06-2017 7:32:05 PM
HUIWAIOLA_WQX,OUB,Ukumehame Beach,OUB160630Si,06-30-2016,Sample-Routine,Water,,08-06-2017 7:32:06 PM
HUIWAIOLA_WQX,OUB,Ukumehame Beach,OUB160630T,06-30-2016,Field Msr/Obs,Water,,08-06-2017 7:32:04 PM
HUIWAIOLA_WQX,OUB,Ukumehame Beach,OUB160630TB,06-30-2016,Field Msr/Obs,Water,,08-06-2017 7:32:05 PM
HUIWAIOLA_WQX,OUB,Ukumehame Beach,OUB160630TN,06-30-2016,Sample-Routine,Water,,08-06-2017 7:32:05 PM
HUIWAIOLA_WQX,OUB,Ukumehame Beach,OUB160630TP,06-30-2016,Sample-Routine,Water,,08-06-2017 7:32:05 PM
HUIWAIOLA_WQX,OUB,Ukumehame Beach,OUB160714DO,07-14-2016,Field Msr/Obs,Water,,08-06-2017 7:32:07 PM
HUIWAIOLA_WQX,OUB,Ukumehame Beach,OUB160714DOp,07-14-2016,Field Msr/Obs,Water,,08-06-2017 7:32:07 PM
HUIWAIOLA_WQX,OUB,Ukumehame Beach,OUB160714NH4,07-14-2016,Sample-Routine,Water,,08-06-2017 7:32:11 PM
HUIWAIOLA_WQX,OUB,Ukumehame Beach,OUB160714NNN,07-14-2016,Sample-Routine,Water,,08-06-2017 7:32:11 PM
HUIWAIOLA_WQX,OUB,Ukumehame Beach,OUB160714pH,07-14-2016,Field Msr/Obs,Water,,08-06-2017 7:32:07 PM
HUIWAIOLA_WQX,OUB,Ukumehame Beach,OUB160714PO4,07-14-2016,Sample-Routine,Water,,08-06-2017 7:32:08 PM
HUIWAIOLA_WQX,OUB,Ukumehame Beach,OUB160714S,07-14-2016,Field Msr/Obs,Water,,08-06-2017 7:32:07 PM
HUIWAIOLA_WQX,OUB,Ukumehame Beach,OUB160714Si,07-14-2016,Sample-Routine,Water,,08-06-2017 7:32:09 PM
HUIWAIOLA_WQX,OUB,Ukumehame Beach,OUB160714T,07-14-2016,Field Msr/Obs,Water,,08-06-2017 7:32:06 PM
HUIWAIOLA_WQX,OUB,Ukumehame Beach,OUB160714TB,07-14-2016,Field Msr/Obs,Water,,08-06-2017 7:32:07 PM
HUIWAIOLA_WQX,OUB,Ukumehame Beach,OUB160714TN,07-14-2016,Sample-Routine,Water,,08-06-2017 7:32:08 PM
HUIWAIOLA_WQX,OUB,Ukumehame Beach,OUB160714TP,07-14-2016,Sample-Routine,Water,,08-06-2017 7:32:08 PM
HUIWAIOLA_WQX,OUB,Ukumehame Beach,OUB160728DO,07-28-2016,Field Msr/Obs,Water,,08-06-2017 7:32:12 PM
HUIWAIOLA_WQX,OUB,Ukumehame Beach,OUB160728DOp,07-28-2016,Field Msr/Obs,Water,,08-06-2017 7:32:12 PM
HUIWAIOLA_WQX,OUB,Ukumehame Beach,OUB160728NH4,07-28-2016,Sample-Routine,Water,,08-06-2017 7:32:15 PM
HUIWAIOLA_WQX,OUB,Ukumehame Beach,OUB160728NNN,07-28-2016,Sample-Routine,Water,,08-06-2017 7:32:15 PM
HUIWAIOLA_WQX,OUB,Ukumehame Beach,OUB160728pH,07-28-2016,Field Msr/Obs,Water,,08-06-2017 7:32:12 PM
HUIWAIOLA_WQX,OUB,Ukumehame Beach,OUB160728PO4,07-28-2016,Sample-Routine,Water,,08-06-2017 7:32:14 PM
HUIWAIOLA_WQX,OUB,Ukumehame Beach,OUB160728S,07-28-2016,Field Msr/Obs,Water,,08-06-2017 7:32:13 PM
HUIWAIOLA_WQX,OUB,Ukumehame Beach,OUB160728Si,07-28-2016,Sample-Routine,Water,,08-06-2017 7:32:15 PM
HUIWAIOLA_WQX,OUB,Ukumehame Beach,OUB160728T,07-28-2016,Field Msr/Obs,Water,,08-06-2017 7:32:11 PM
HUIWAIOLA_WQX,OUB,Ukumehame Beach,OUB160728TB,07-28-2016,Field Msr/Obs,Water,,08-06-2017 7:32:13 PM
HUIWAIOLA_WQX,OUB,Ukumehame Beach,OUB160728TN,07-28-2016,Sample-Routine,Water,,08-06-2017 7:32:14 PM
HUIWAIOLA_WQX,OUB,Ukumehame Beach,OUB160728TP,07-28-2016,Sample-Routine,Water,,08-06-2017 7:32:14 PM
HUIWAIOLA_WQX,OUB,Ukumehame Beach,OUB160811DO,08-11-2016,Field Msr/Obs,Water,,08-06-2017 7:32:16 PM
HUIWAIOLA_WQX,OUB,Ukumehame Beach,OUB160811DOp,08-11-2016,Field Msr/Obs,Water,,08-06-2017 7:32:16 PM
HUIWAIOLA_WQX,OUB,Ukumehame Beach,OUB160811NH4,08-11-2016,Sample-Routine,Water,,08-06-2017 7:32:18 PM
HUIWAIOLA_WQX,OUB,Ukumehame Beach,OUB160811NNN,08-11-2016,Sample-Routine,Water,,08-06-2017 7:32:17 PM
HUIWAIOLA_WQX,OUB,Ukumehame Beach,OUB160811pH,08-11-2016,Field Msr/Obs,Water,,08-06-2017 7:32:16 PM
HUIWAIOLA_WQX,OUB,Ukumehame Beach,OUB160811PO4,08-11-2016,Sample-Routine,Water,,08-06-2017 7:32:17 PM
HUIWAIOLA_WQX,OUB,Ukumehame Beach,OUB160811S,08-11-2016,Field Msr/Obs,Water,,08-06-2017 7:32:16 PM
HUIWAIOLA_WQX,OUB,Ukumehame Beach,OUB160811Si,08-11-2016,Sample-Routine,Water,,08-06-2017 7:32:17 PM
HUIWAIOLA_WQX,OUB,Ukumehame Beach,OUB160811T,08-11-2016,Field Msr/Obs,Water,,08-06-2017 7:32:15 PM
HUIWAIOLA_WQX,OUB,Ukumehame Beach,OUB160811TB,08-11-2016,Field Msr/Obs,Water,,08-06-2017 7:32:16 PM
HUIWAIOLA_WQX,OUB,Ukumehame Beach,OUB160811TN,08-11-2016,Sample-Routine,Water,,08-06-2017 7:32:17 PM
HUIWAIOLA_WQX,OUB,Ukumehame Beach,OUB160811TP,08-11-2016,Sample-Routine,Water,,08-06-2017 7:32:17 PM
HUIWAIOLA_WQX,OUB,Ukumehame Beach,OUB160825DO,08-25-2016,Field Msr/Obs,Water,,08-06-2017 7:32:18 PM
HUIWAIOLA_WQX,OUB,Ukumehame Beach,OUB160825DOp,08-25-2016,Field Msr/Obs,Water,,08-06-2017 7:32:19 PM
HUIWAIOLA_WQX,OUB,Ukumehame Beach,OUB160825NH4,08-25-2016,Sample-Routine,Water,,08-06-2017 7:32:21 PM
HUIWAIOLA_WQX,OUB,Ukumehame Beach,OUB160825NNN,08-25-2016,Sample-Routine,Water,,08-06-2017 7:32:21 PM
HUIWAIOLA_WQX,OUB,Ukumehame Beach,OUB160825pH,08-25-2016,Field Msr/Obs,Water,,08-06-2017 7:32:19 PM
HUIWAIOLA_WQX,OUB,Ukumehame Beach,OUB160825PO4,08-25-2016,Sample-Routine,Water,,08-06-2017 7:32:20 PM
HUIWAIOLA_WQX,OUB,Ukumehame Beach,OUB160825S,08-25-2016,Field Msr/Obs,Water,,08-06-2017 7:32:19 PM
HUIWAIOLA_WQX,OUB,Ukumehame Beach,OUB160825Si,08-25-2016,Sample-Routine,Water,,08-06-2017 7:32:20 PM
HUIWAIOLA_WQX,OUB,Ukumehame Beach,OUB160825T,08-25-2016,Field Msr/Obs,Water,,08-06-2017 7:32:18 PM
HUIWAIOLA_WQX,OUB,Ukumehame Beach,OUB160825TB,08-25-2016,Field Msr/Obs,Water,,08-06-2017 7:32:19 PM
HUIWAIOLA_WQX,OUB,Ukumehame Beach,OUB160825TN,08-25-2016,Sample-Routine,Water,,08-06-2017 7:32:20 PM
HUIWAIOLA_WQX,OUB,Ukumehame Beach,OUB160825TP,08-25-2016,Sample-Routine,Water,,08-06-2017 7:32:20 PM
HUIWAIOLA_WQX,OUB,Ukumehame Beach,OUB160922DO,09-22-2016,Field Msr/Obs,Water,,08-06-2017 7:32:24 PM
HUIWAIOLA_WQX,OUB,Ukumehame Beach,OUB160922DOp,09-22-2016,Field Msr/Obs,Water,,08-06-2017 7:32:24 PM
HUIWAIOLA_WQX,OUB,Ukumehame Beach,OUB160922NH4,09-22-2016,Sample-Routine,Water,,08-06-2017 7:32:26 PM
HUIWAIOLA_WQX,OUB,Ukumehame Beach,OUB160922NNN,09-22-2016,Sample-Routine,Water,,08-06-2017 7:32:26 PM
HUIWAIOLA_WQX,OUB,Ukumehame Beach,OUB160922pH,09-22-2016,Field Msr/Obs,Water,,08-06-2017 7:32:24 PM
HUIWAIOLA_WQX,OUB,Ukumehame Beach,OUB160922PO4,09-22-2016,Sample-Routine,Water,,08-06-2017 7:32:25 PM
HUIWAIOLA_WQX,OUB,Ukumehame Beach,OUB160922S,09-22-2016,Field Msr/Obs,Water,,08-06-2017 7:32:24 PM
HUIWAIOLA_WQX,OUB,Ukumehame Beach,OUB160922Si,09-22-2016,Sample-Routine,Water,,08-06-2017 7:32:25 PM
HUIWAIOLA_WQX,OUB,Ukumehame Beach,OUB160922T,09-22-2016,Field Msr/Obs,Water,,08-06-2017 7:32:23 PM
HUIWAIOLA_WQX,OUB,Ukumehame Beach,OUB160922TB,09-22-2016,Field Msr/Obs,Water,,08-06-2017 7:32:24 PM
HUIWAIOLA_WQX,OUB,Ukumehame Beach,OUB160922TN,09-22-2016,Sample-Routine,Water,,08-06-2017 7:32:25 PM
HUIWAIOLA_WQX,OUB,Ukumehame Beach,OUB160922TP,09-22-2016,Sample-Routine,Water,,08-06-2017 7:32:25 PM
HUIWAIOLA_WQX,OUB,Ukumehame Beach,OUB161006DO,10-06-2016,Field Msr/Obs,Water,,08-06-2017 7:32:27 PM
HUIWAIOLA_WQX,OUB,Ukumehame Beach,OUB161006DOp,10-06-2016,Field Msr/Obs,Water,,08-06-2017 7:32:27 PM
HUIWAIOLA_WQX,OUB,Ukumehame Beach,OUB161006NH4,10-06-2016,Sample-Routine,Water,,08-06-2017 7:32:29 PM
HUIWAIOLA_WQX,OUB,Ukumehame Beach,OUB161006NNN,10-06-2016,Sample-Routine,Water,,08-06-2017 7:32:29 PM
HUIWAIOLA_WQX,OUB,Ukumehame Beach,OUB161006pH,10-06-2016,Field Msr/Obs,Water,,08-06-2017 7:32:27 PM
HUIWAIOLA_WQX,OUB,Ukumehame Beach,OUB161006PO4,10-06-2016,Sample-Routine,Water,,08-06-2017 7:32:28 PM
HUIWAIOLA_WQX,OUB,Ukumehame Beach,OUB161006S,10-06-2016,Field Msr/Obs,Water,,08-06-2017 7:32:27 PM
HUIWAIOLA_WQX,OUB,Ukumehame Beach,OUB161006Si,10-06-2016,Sample-Routine,Water,,08-06-2017 7:32:28 PM
HUIWAIOLA_WQX,OUB,Ukumehame Beach,OUB161006T,10-06-2016,Field Msr/Obs,Water,,08-06-2017 7:32:26 PM
HUIWAIOLA_WQX,OUB,Ukumehame Beach,OUB161006TB,10-06-2016,Field Msr/Obs,Water,,08-06-2017 7:32:28 PM
HUIWAIOLA_WQX,OUB,Ukumehame Beach,OUB161006TN,10-06-2016,Sample-Routine,Water,,08-06-2017 7:32:28 PM
HUIWAIOLA_WQX,OUB,Ukumehame Beach,OUB161006TP,10-06-2016,Sample-Routine,Water,,08-06-2017 7:32:28 PM
HUIWAIOLA_WQX,OUB,Ukumehame Beach,OUB161020DO,10-20-2016,Field Msr/Obs,Water,,08-06-2017 7:32:29 PM
HUIWAIOLA_WQX,OUB,Ukumehame Beach,OUB161020DOp,10-20-2016,Field Msr/Obs,Water,,08-06-2017 7:32:30 PM
HUIWAIOLA_WQX,OUB,Ukumehame Beach,OUB161020NH4,10-20-2016,Sample-Routine,Water,,08-06-2017 7:32:32 PM
HUIWAIOLA_WQX,OUB,Ukumehame Beach,OUB161020NNN,10-20-2016,Sample-Routine,Water,,08-06-2017 7:32:31 PM
HUIWAIOLA_WQX,OUB,Ukumehame Beach,OUB161020pH,10-20-2016,Field Msr/Obs,Water,,08-06-2017 7:32:30 PM
HUIWAIOLA_WQX,OUB,Ukumehame Beach,OUB161020PO4,10-20-2016,Sample-Routine,Water,,08-06-2017 7:32:31 PM
HUIWAIOLA_WQX,OUB,Ukumehame Beach,OUB161020S,10-20-2016,Field Msr/Obs,Water,,08-06-2017 7:32:30 PM
HUIWAIOLA_WQX,OUB,Ukumehame Beach,OUB161020Si,10-20-2016,Sample-Routine,Water,,08-06-2017 7:32:31 PM
HUIWAIOLA_WQX,OUB,Ukumehame Beach,OUB161020T,10-20-2016,Field Msr/Obs,Water,,08-06-2017 7:32:29 PM
HUIWAIOLA_WQX,OUB,Ukumehame Beach,OUB161020TB,10-20-2016,Field Msr/Obs,Water,,08-06-2017 7:32:30 PM
HUIWAIOLA_WQX,OUB,Ukumehame Beach,OUB161020TN,10-20-2016,Sample-Routine,Water,,08-06-2017 7:32:31 PM
HUIWAIOLA_WQX,OUB,Ukumehame Beach,OUB161020TP,10-20-2016,Sample-Routine,Water,,08-06-2017 7:32:31 PM
HUIWAIOLA_WQX,OUB,Ukumehame Beach,OUB161103DO,11-03-2016,Field Msr/Obs,Water,,08-06-2017 7:32:32 PM
HUIWAIOLA_WQX,OUB,Ukumehame Beach,OUB161103DOp,11-03-2016,Field Msr/Obs,Water,,08-06-2017 7:32:32 PM
HUIWAIOLA_WQX,OUB,Ukumehame Beach,OUB161103NH4,11-03-2016,Sample-Routine,Water,,08-06-2017 7:32:35 PM
HUIWAIOLA_WQX,OUB,Ukumehame Beach,OUB161103NNN,11-03-2016,Sample-Routine,Water,,08-06-2017 7:32:34 PM
HUIWAIOLA_WQX,OUB,Ukumehame Beach,OUB161103pH,11-03-2016,Field Msr/Obs,Water,,08-06-2017 7:32:33 PM
HUIWAIOLA_WQX,OUB,Ukumehame Beach,OUB161103PO4,11-03-2016,Sample-Routine,Water,,08-06-2017 7:32:34 PM
HUIWAIOLA_WQX,OUB,Ukumehame Beach,OUB161103S,11-03-2016,Field Msr/Obs,Water,,08-06-2017 7:32:33 PM
HUIWAIOLA_WQX,OUB,Ukumehame Beach,OUB161103Si,11-03-2016,Sample-Routine,Water,,08-06-2017 7:32:34 PM
HUIWAIOLA_WQX,OUB,Ukumehame Beach,OUB161103T,11-03-2016,Field Msr/Obs,Water,,08-06-2017 7:32:32 PM
HUIWAIOLA_WQX,OUB,Ukumehame Beach,OUB161103TB,11-03-2016,Field Msr/Obs,Water,,08-06-2017 7:32:33 PM
HUIWAIOLA_WQX,OUB,Ukumehame Beach,OUB161103TN,11-03-2016,Sample-Routine,Water,,08-06-2017 7:32:33 PM
HUIWAIOLA_WQX,OUB,Ukumehame Beach,OUB161103TP,11-03-2016,Sample-Routine,Water,,08-06-2017 7:32:33 PM
HUIWAIOLA_WQX,OUB,Ukumehame Beach,OUB161117DO,11-17-2016,Field Msr/Obs,Water,,08-06-2017 7:32:35 PM
HUIWAIOLA_WQX,OUB,Ukumehame Beach,OUB161117DOp,11-17-2016,Field Msr/Obs,Water,,08-06-2017 7:32:36 PM
HUIWAIOLA_WQX,OUB,Ukumehame Beach,OUB161117NH4,11-17-2016,Sample-Routine,Water,,08-06-2017 7:32:39 PM
HUIWAIOLA_WQX,OUB,Ukumehame Beach,OUB161117NNN,11-17-2016,Sample-Routine,Water,,08-06-2017 7:32:38 PM
HUIWAIOLA_WQX,OUB,Ukumehame Beach,OUB161117pH,11-17-2016,Field Msr/Obs,Water,,08-06-2017 7:32:36 PM
HUIWAIOLA_WQX,OUB,Ukumehame Beach,OUB161117PO4,11-17-2016,Sample-Routine,Water,,08-06-2017 7:32:38 PM
HUIWAIOLA_WQX,OUB,Ukumehame Beach,OUB161117S,11-17-2016,Field Msr/Obs,Water,,08-06-2017 7:32:36 PM
HUIWAIOLA_WQX,OUB,Ukumehame Beach,OUB161117Si,11-17-2016,Sample-Routine,Water,,08-06-2017 7:32:38 PM
HUIWAIOLA_WQX,OUB,Ukumehame Beach,OUB161117T,11-17-2016,Field Msr/Obs,Water,,08-06-2017 7:32:35 PM
HUIWAIOLA_WQX,OUB,Ukumehame Beach,OUB161117TB,11-17-2016,Field Msr/Obs,Water,,08-06-2017 7:32:36 PM
HUIWAIOLA_WQX,OUB,Ukumehame Beach,OUB161117TN,11-17-2016,Sample-Routine,Water,,08-06-2017 7:32:37 PM
HUIWAIOLA_WQX,OUB,Ukumehame Beach,OUB161117TP,11-17-2016,Sample-Routine,Water,,08-06-2017 7:32:37 PM
HUIWAIOLA_WQX,OUB,Ukumehame Beach,OUB161201DO,12-01-2016,Field Msr/Obs,Water,,08-06-2017 7:32:39 PM
HUIWAIOLA_WQX,OUB,Ukumehame Beach,OUB161201DOp,12-01-2016,Field Msr/Obs,Water,,08-06-2017 7:32:39 PM
HUIWAIOLA_WQX,OUB,Ukumehame Beach,OUB161201NH4,12-01-2016,Sample-Routine,Water,,08-06-2017 7:32:42 PM
HUIWAIOLA_WQX,OUB,Ukumehame Beach,OUB161201NNN,12-01-2016,Sample-Routine,Water,,08-06-2017 7:32:41 PM
HUIWAIOLA_WQX,OUB,Ukumehame Beach,OUB161201pH,12-01-2016,Field Msr/Obs,Water,,08-06-2017 7:32:40 PM
HUIWAIOLA_WQX,OUB,Ukumehame Beach,OUB161201PO4,12-01-2016,Sample-Routine,Water,,08-06-2017 7:32:41 PM
HUIWAIOLA_WQX,OUB,Ukumehame Beach,OUB161201S,12-01-2016,Field Msr/Obs,Water,,08-06-2017 7:32:40 PM
HUIWAIOLA_WQX,OUB,Ukumehame Beach,OUB161201Si,12-01-2016,Sample-Routine,Water,,08-06-2017 7:32:41 PM
HUIWAIOLA_WQX,OUB,Ukumehame Beach,OUB161201T,12-01-2016,Field Msr/Obs,Water,,08-06-2017 7:32:39 PM
HUIWAIOLA_WQX,OUB,Ukumehame Beach,OUB161201TB,12-01-2016,Field Msr/Obs,Water,,08-06-2017 7:32:40 PM
HUIWAIOLA_WQX,OUB,Ukumehame Beach,OUB161201TN,12-01-2016,Sample-Routine,Water,,08-06-2017 7:32:40 PM
HUIWAIOLA_WQX,OUB,Ukumehame Beach,OUB161201TP,12-01-2016,Sample-Routine,Water,,08-06-2017 7:32:41 PM
HUIWAIOLA_WQX,OUB,Ukumehame Beach,OUB161215DO,12-15-2016,Field Msr/Obs,Water,,08-06-2017 7:32:42 PM
HUIWAIOLA_WQX,OUB,Ukumehame Beach,OUB161215DOp,12-15-2016,Field Msr/Obs,Water,,08-06-2017 7:32:42 PM
HUIWAIOLA_WQX,OUB,Ukumehame Beach,OUB161215NH4,12-15-2016,Sample-Routine,Water,,08-06-2017 7:32:44 PM
HUIWAIOLA_WQX,OUB,Ukumehame Beach,OUB161215NNN,12-15-2016,Sample-Routine,Water,,08-06-2017 7:32:44 PM
HUIWAIOLA_WQX,OUB,Ukumehame Beach,OUB161215pH,12-15-2016,Field Msr/Obs,Water,,08-06-2017 7:32:43 PM
HUIWAIOLA_WQX,OUB,Ukumehame Beach,OUB161215PO4,12-15-2016,Sample-Routine,Water,,08-06-2017 7:32:44 PM
HUIWAIOLA_WQX,OUB,Ukumehame Beach,OUB161215S,12-15-2016,Field Msr/Obs,Water,,08-06-2017 7:32:43 PM
HUIWAIOLA_WQX,OUB,Ukumehame Beach,OUB161215Si,12-15-2016,Sample-Routine,Water,,08-06-2017 7:32:44 PM
HUIWAIOLA_WQX,OUB,Ukumehame Beach,OUB161215T,12-15-2016,Field Msr/Obs,Water,,08-06-2017 7:32:42 PM
HUIWAIOLA_WQX,OUB,Ukumehame Beach,OUB161215TB,12-15-2016,Field Msr/Obs,Water,,08-06-2017 7:32:43 PM
HUIWAIOLA_WQX,OUB,Ukumehame Beach,OUB161215TN,12-15-2016,Sample-Routine,Water,,08-06-2017 7:32:43 PM
HUIWAIOLA_WQX,OUB,Ukumehame Beach,OUB161215TP,12-15-2016,Sample-Routine,Water,,08-06-2017 7:32:43 PM
HUIWAIOLA_WQX,OUB,Ukumehame Beach,OUB170105DO,01-05-2017,Field Msr/Obs,Water,,08-06-2017 7:32:45 PM
HUIWAIOLA_WQX,OUB,Ukumehame Beach,OUB170105DOp,01-05-2017,Field Msr/Obs,Water,,08-06-2017 7:32:45 PM
HUIWAIOLA_WQX,OUB,Ukumehame Beach,OUB170105NH4,01-05-2017,Sample-Routine,Water,,08-06-2017 7:32:47 PM
HUIWAIOLA_WQX,OUB,Ukumehame Beach,OUB170105NNN,01-05-2017,Sample-Routine,Water,,08-06-2017 7:32:46 PM
HUIWAIOLA_WQX,OUB,Ukumehame Beach,OUB170105PO4,01-05-2017,Sample-Routine,Water,,08-06-2017 7:32:46 PM
HUIWAIOLA_WQX,OUB,Ukumehame Beach,OUB170105S,01-05-2017,Field Msr/Obs,Water,,08-06-2017 7:32:45 PM
HUIWAIOLA_WQX,OUB,Ukumehame Beach,OUB170105Si,01-05-2017,Sample-Routine,Water,,08-06-2017 7:32:46 PM
HUIWAIOLA_WQX,OUB,Ukumehame Beach,OUB170105T,01-05-2017,Field Msr/Obs,Water,,08-06-2017 7:32:45 PM
HUIWAIOLA_WQX,OUB,Ukumehame Beach,OUB170105TB,01-05-2017,Field Msr/Obs,Water,,08-06-2017 7:32:45 PM
HUIWAIOLA_WQX,OUB,Ukumehame Beach,OUB170105TN,01-05-2017,Sample-Routine,Water,,08-06-2017 7:32:46 PM
HUIWAIOLA_WQX,OUB,Ukumehame Beach,OUB170105TP,01-05-2017,Sample-Routine,Water,,08-06-2017 7:32:46 PM
HUIWAIOLA_WQX,OUB,Ukumehame Beach,OUB170126DO,01-26-2017,Field Msr/Obs,Water,,08-06-2017 7:32:47 PM
HUIWAIOLA_WQX,OUB,Ukumehame Beach,OUB170126DOp,01-26-2017,Field Msr/Obs,Water,,08-06-2017 7:32:48 PM
HUIWAIOLA_WQX,OUB,Ukumehame Beach,OUB170126NH4,01-26-2017,Sample-Routine,Water,,08-06-2017 7:32:50 PM
HUIWAIOLA_WQX,OUB,Ukumehame Beach,OUB170126NNN,01-26-2017,Sample-Routine,Water,,08-06-2017 7:32:49 PM
HUIWAIOLA_WQX,OUB,Ukumehame Beach,OUB170126pH,01-26-2017,Field Msr/Obs,Water,,08-06-2017 7:32:48 PM
HUIWAIOLA_WQX,OUB,Ukumehame Beach,OUB170126PO4,01-26-2017,Sample-Routine,Water,,08-06-2017 7:32:49 PM
HUIWAIOLA_WQX,OUB,Ukumehame Beach,OUB170126S,01-26-2017,Field Msr/Obs,Water,,08-06-2017 7:32:48 PM
HUIWAIOLA_WQX,OUB,Ukumehame Beach,OUB170126Si,01-26-2017,Sample-Routine,Water,,08-06-2017 7:32:49 PM
HUIWAIOLA_WQX,OUB,Ukumehame Beach,OUB170126T,01-26-2017,Field Msr/Obs,Water,,08-06-2017 7:32:47 PM
HUIWAIOLA_WQX,OUB,Ukumehame Beach,OUB170126TB,01-26-2017,Field Msr/Obs,Water,,08-06-2017 7:32:48 PM
HUIWAIOLA_WQX,OUB,Ukumehame Beach,OUB170126TN,01-26-2017,Sample-Routine,Water,,08-06-2017 7:32:49 PM
HUIWAIOLA_WQX,OUB,Ukumehame Beach,OUB170126TP,01-26-2017,Sample-Routine,Water,,08-06-2017 7:32:49 PM
HUIWAIOLA_WQX,OUB,Ukumehame Beach,OUB170217DO,02-17-2017,Field Msr/Obs,Water,,08-06-2017 7:32:50 PM
HUIWAIOLA_WQX,OUB,Ukumehame Beach,OUB170217DOp,02-17-2017,Field Msr/Obs,Water,,08-06-2017 7:32:50 PM
HUIWAIOLA_WQX,OUB,Ukumehame Beach,OUB170217NH4,02-17-2017,Sample-Routine,Water,,08-06-2017 7:32:52 PM
HUIWAIOLA_WQX,OUB,Ukumehame Beach,OUB170217NNN,02-17-2017,Sample-Routine,Water,,08-06-2017 7:32:52 PM
HUIWAIOLA_WQX,OUB,Ukumehame Beach,OUB170217pH,02-17-2017,Field Msr/Obs,Water,,08-06-2017 7:32:50 PM
HUIWAIOLA_WQX,OUB,Ukumehame Beach,OUB170217PO4,02-17-2017,Sample-Routine,Water,,08-06-2017 7:32:51 PM
HUIWAIOLA_WQX,OUB,Ukumehame Beach,OUB170217S,02-17-2017,Field Msr/Obs,Water,,08-06-2017 7:32:51 PM
HUIWAIOLA_WQX,OUB,Ukumehame Beach,OUB170217Si,02-17-2017,Sample-Routine,Water,,08-06-2017 7:32:52 PM
HUIWAIOLA_WQX,OUB,Ukumehame Beach,OUB170217T,02-17-2017,Field Msr/Obs,Water,,08-06-2017 7:32:50 PM
HUIWAIOLA_WQX,OUB,Ukumehame Beach,OUB170217TB,02-17-2017,Field Msr/Obs,Water,,08-06-2017 7:32:51 PM
HUIWAIOLA_WQX,OUB,Ukumehame Beach,OUB170217TN,02-17-2017,Sample-Routine,Water,,08-06-2017 7:32:51 PM
HUIWAIOLA_WQX,OUB,Ukumehame Beach,OUB170217TP,02-17-2017,Sample-Routine,Water,,08-06-2017 7:32:51 PM
HUIWAIOLA_WQX,OUB,Ukumehame Beach,OUB170309DO,03-09-2017,Field Msr/Obs,Water,,08-06-2017 7:32:53 PM
HUIWAIOLA_WQX,OUB,Ukumehame Beach,OUB170309DOp,03-09-2017,Field Msr/Obs,Water,,08-06-2017 7:32:53 PM
HUIWAIOLA_WQX,OUB,Ukumehame Beach,OUB170309NH4,03-09-2017,Sample-Routine,Water,,08-06-2017 7:32:55 PM
HUIWAIOLA_WQX,OUB,Ukumehame Beach,OUB170309NNN,03-09-2017,Sample-Routine,Water,,08-06-2017 7:32:55 PM
HUIWAIOLA_WQX,OUB,Ukumehame Beach,OUB170309pH,03-09-2017,Field Msr/Obs,Water,,08-06-2017 7:32:53 PM
HUIWAIOLA_WQX,OUB,Ukumehame Beach,OUB170309PO4,03-09-2017,Sample-Routine,Water,,08-06-2017 7:32:54 PM
HUIWAIOLA_WQX,OUB,Ukumehame Beach,OUB170309S,03-09-2017,Field Msr/Obs,Water,,08-06-2017 7:32:54 PM
HUIWAIOLA_WQX,OUB,Ukumehame Beach,OUB170309Si,03-09-2017,Sample-Routine,Water,,08-06-2017 7:32:54 PM
HUIWAIOLA_WQX,OUB,Ukumehame Beach,OUB170309T,03-09-2017,Field Msr/Obs,Water,,08-06-2017 7:32:53 PM
HUIWAIOLA_WQX,OUB,Ukumehame Beach,OUB170309TB,03-09-2017,Field Msr/Obs,Water,,08-06-2017 7:32:54 PM
HUIWAIOLA_WQX,OUB,Ukumehame Beach,OUB170309TN,03-09-2017,Sample-Routine,Water,,08-06-2017 7:32:54 PM
HUIWAIOLA_WQX,OUB,Ukumehame Beach,OUB170309TP,03-09-2017,Sample-Routine,Water,,08-06-2017 7:32:54 PM
HUIWAIOLA_WQX,OUB,Ukumehame Beach,OUB170330,03-30-2017,Field Msr/Obs,Water,,05-23-2017 2:21:43 AM
HUIWAIOLA_WQX,OUB,Ukumehame Beach,OUB170330-N-1NH4,03-30-2017,Sample-Routine,Water,,05-23-2017 2:21:58 AM
HUIWAIOLA_WQX,OUB,Ukumehame Beach,OUB170330-N-1NN,03-30-2017,Sample-Routine,Water,,05-23-2017 2:21:54 AM
HUIWAIOLA_WQX,OUB,Ukumehame Beach,OUB170330-N-1P,03-30-2017,Sample-Routine,Water,,05-23-2017 2:21:52 AM
HUIWAIOLA_WQX,OUB,Ukumehame Beach,OUB170330-N-1Si,03-30-2017,Sample-Routine,Water,,05-23-2017 2:21:53 AM
HUIWAIOLA_WQX,OUB,Ukumehame Beach,OUB170330-N-1TN,03-30-2017,Sample-Routine,Water,,05-23-2017 2:21:49 AM
HUIWAIOLA_WQX,OUB,Ukumehame Beach,OUB170330-N-1TP,03-30-2017,Sample-Routine,Water,,05-23-2017 2:21:51 AM
HUIWAIOLA_WQX,OUB,Ukumehame Beach,OUB170330DO,03-30-2017,Field Msr/Obs,Water,,08-06-2017 7:32:55 PM
HUIWAIOLA_WQX,OUB,Ukumehame Beach,OUB170330DOp,03-30-2017,Field Msr/Obs,Water,,08-06-2017 7:32:56 PM
HUIWAIOLA_WQX,OUB,Ukumehame Beach,OUB170330NH4,03-30-2017,Sample-Routine,Water,,08-06-2017 7:32:58 PM
HUIWAIOLA_WQX,OUB,Ukumehame Beach,OUB170330NNN,03-30-2017,Sample-Routine,Water,,08-06-2017 7:32:57 PM
HUIWAIOLA_WQX,OUB,Ukumehame Beach,OUB170330pH,03-30-2017,Field Msr/Obs,Water,,08-06-2017 7:32:56 PM
HUIWAIOLA_WQX,OUB,Ukumehame Beach,OUB170330PO4,03-30-2017,Sample-Routine,Water,,08-06-2017 7:32:57 PM
HUIWAIOLA_WQX,OUB,Ukumehame Beach,OUB170330S,03-30-2017,Field Msr/Obs,Water,,08-06-2017 7:32:56 PM
HUIWAIOLA_WQX,OUB,Ukumehame Beach,OUB170330Si,03-30-2017,Sample-Routine,Water,,08-06-2017 7:32:57 PM
HUIWAIOLA_WQX,OUB,Ukumehame Beach,OUB170330T,03-30-2017,Field Msr/Obs,Water,,08-06-2017 7:32:55 PM
HUIWAIOLA_WQX,OUB,Ukumehame Beach,OUB170330TB,03-30-2017,Field Msr/Obs,Water,,08-06-2017 7:32:56 PM
HUIWAIOLA_WQX,OUB,Ukumehame Beach,OUB170330TN,03-30-2017,Sample-Routine,Water,,08-06-2017 7:32:56 PM
HUIWAIOLA_WQX,OUB,Ukumehame Beach,OUB170330TP,03-30-2017,Sample-Routine,Water,,08-06-2017 7:32:57 PM
HUIWAIOLA_WQX,OUB,Ukumehame Beach,OUB170330Turb,03-30-2017,Field Msr/Obs,Water,,05-23-2017 2:21:48 AM
HUIWAIOLA_WQX,OUB,Ukumehame Beach,OUB170420DO,04-20-2017,Field Msr/Obs,Water,,08-06-2017 7:32:58 PM
HUIWAIOLA_WQX,OUB,Ukumehame Beach,OUB170420DOp,04-20-2017,Field Msr/Obs,Water,,08-06-2017 7:32:58 PM
HUIWAIOLA_WQX,OUB,Ukumehame Beach,OUB170420NH4,04-20-2017,Sample-Routine,Water,,08-06-2017 7:33:00 PM
HUIWAIOLA_WQX,OUB,Ukumehame Beach,OUB170420NNN,04-20-2017,Sample-Routine,Water,,08-06-2017 7:33:00 PM
HUIWAIOLA_WQX,OUB,Ukumehame Beach,OUB170420pH,04-20-2017,Field Msr/Obs,Water,,08-06-2017 7:32:59 PM
HUIWAIOLA_WQX,OUB,Ukumehame Beach,OUB170420PO4,04-20-2017,Sample-Routine,Water,,08-06-2017 7:33:00 PM
HUIWAIOLA_WQX,OUB,Ukumehame Beach,OUB170420S,04-20-2017,Field Msr/Obs,Water,,08-06-2017 7:32:59 PM
HUIWAIOLA_WQX,OUB,Ukumehame Beach,OUB170420Si,04-20-2017,Sample-Routine,Water,,08-06-2017 7:33:00 PM
HUIWAIOLA_WQX,OUB,Ukumehame Beach,OUB170420T,04-20-2017,Field Msr/Obs,Water,,08-06-2017 7:32:58 PM
HUIWAIOLA_WQX,OUB,Ukumehame Beach,OUB170420TB,04-20-2017,Field Msr/Obs,Water,,08-06-2017 7:32:59 PM
HUIWAIOLA_WQX,OUB,Ukumehame Beach,OUB170420TN,04-20-2017,Sample-Routine,Water,,08-06-2017 7:32:59 PM
HUIWAIOLA_WQX,OUB,Ukumehame Beach,OUB170420TP,04-20-2017,Sample-Routine,Water,,08-06-2017 7:32:59 PM
HUIWAIOLA_WQX,OUB,Ukumehame Beach,OUB170511DO,05-11-2017,Field Msr/Obs,Water,,08-06-2017 7:33:01 PM
HUIWAIOLA_WQX,OUB,Ukumehame Beach,OUB170511DOp,05-11-2017,Field Msr/Obs,Water,,08-06-2017 7:33:01 PM
HUIWAIOLA_WQX,OUB,Ukumehame Beach,OUB170511NH4,05-11-2017,Sample-Routine,Water,,08-06-2017 7:33:03 PM
HUIWAIOLA_WQX,OUB,Ukumehame Beach,OUB170511NNN,05-11-2017,Sample-Routine,Water,,08-06-2017 7:33:03 PM
HUIWAIOLA_WQX,OUB,Ukumehame Beach,OUB170511pH,05-11-2017,Field Msr/Obs,Water,,08-06-2017 7:33:01 PM
HUIWAIOLA_WQX,OUB,Ukumehame Beach,OUB170511PO4,05-11-2017,Sample-Routine,Water,,08-06-2017 7:33:02 PM
HUIWAIOLA_WQX,OUB,Ukumehame Beach,OUB170511S,05-11-2017,Field Msr/Obs,Water,,08-06-2017 7:33:02 PM
HUIWAIOLA_WQX,OUB,Ukumehame Beach,OUB170511Si,05-11-2017,Sample-Routine,Water,,08-06-2017 7:33:03 PM
HUIWAIOLA_WQX,OUB,Ukumehame Beach,OUB170511T,05-11-2017,Field Msr/Obs,Water,,08-06-2017 7:33:01 PM
HUIWAIOLA_WQX,OUB,Ukumehame Beach,OUB170511TB,05-11-2017,Field Msr/Obs,Water,,08-06-2017 7:33:02 PM
HUIWAIOLA_WQX,OUB,Ukumehame Beach,OUB170511TN,05-11-2017,Sample-Routine,Water,,08-06-2017 7:33:02 PM
HUIWAIOLA_WQX,OUB,Ukumehame Beach,OUB170511TP,05-11-2017,Sample-Routine,Water,,08-06-2017 7:33:02 PM
HUIWAIOLA_WQX,OUB,Ukumehame Beach,OUB170601DO,06-01-2017,Field Msr/Obs,Water,,08-06-2017 7:33:04 PM
HUIWAIOLA_WQX,OUB,Ukumehame Beach,OUB170601DOp,06-01-2017,Field Msr/Obs,Water,,08-06-2017 7:33:04 PM
HUIWAIOLA_WQX,OUB,Ukumehame Beach,OUB170601NH4,06-01-2017,Sample-Routine,Water,,08-06-2017 7:33:06 PM
HUIWAIOLA_WQX,OUB,Ukumehame Beach,OUB170601NNN,06-01-2017,Sample-Routine,Water,,08-06-2017 7:33:06 PM
HUIWAIOLA_WQX,OUB,Ukumehame Beach,OUB170601pH,06-01-2017,Field Msr/Obs,Water,,08-06-2017 7:33:04 PM
HUIWAIOLA_WQX,OUB,Ukumehame Beach,OUB170601PO4,06-01-2017,Sample-Routine,Water,,08-06-2017 7:33:06 PM
HUIWAIOLA_WQX,OUB,Ukumehame Beach,OUB170601S,06-01-2017,Field Msr/Obs,Water,,08-06-2017 7:33:05 PM
HUIWAIOLA_WQX,OUB,Ukumehame Beach,OUB170601Si,06-01-2017,Sample-Routine,Water,,08-06-2017 7:33:06 PM
HUIWAIOLA_WQX,OUB,Ukumehame Beach,OUB170601T,06-01-2017,Field Msr/Obs,Water,,08-06-2017 7:33:04 PM
HUIWAIOLA_WQX,OUB,Ukumehame Beach,OUB170601TB,06-01-2017,Field Msr/Obs,Water,,08-06-2017 7:33:05 PM
HUIWAIOLA_WQX,OUB,Ukumehame Beach,OUB170601TN,06-01-2017,Sample-Routine,Water,,08-06-2017 7:33:05 PM
HUIWAIOLA_WQX,OUB,Ukumehame Beach,OUB170601TP,06-01-2017,Sample-Routine,Water,,08-06-2017 7:33:05 PM
HUIWAIOLA_WQX,OUB,Ukumehame Beach,OUB170914DO,09-14-2017,Field Msr/Obs,Water,,11-01-2017 10:24:18 PM
HUIWAIOLA_WQX,OUB,Ukumehame Beach,OUB170914DOp,09-14-2017,Field Msr/Obs,Water,,11-01-2017 10:24:18 PM
HUIWAIOLA_WQX,OUB,Ukumehame Beach,OUB170914NH4,09-14-2017,Sample-Routine,Water,,11-01-2017 10:24:24 PM
HUIWAIOLA_WQX,OUB,Ukumehame Beach,OUB170914NNN,09-14-2017,Sample-Routine,Water,,11-01-2017 10:24:23 PM
HUIWAIOLA_WQX,OUB,Ukumehame Beach,OUB170914pH,09-14-2017,Field Msr/Obs,Water,,11-01-2017 10:24:19 PM
HUIWAIOLA_WQX,OUB,Ukumehame Beach,OUB170914PO4,09-14-2017,Sample-Routine,Water,,11-01-2017 10:24:22 PM
HUIWAIOLA_WQX,OUB,Ukumehame Beach,OUB170914S,09-14-2017,Field Msr/Obs,Water,,11-01-2017 10:24:20 PM
HUIWAIOLA_WQX,OUB,Ukumehame Beach,OUB170914Si,09-14-2017,Sample-Routine,Water,,11-01-2017 10:24:23 PM
HUIWAIOLA_WQX,OUB,Ukumehame Beach,OUB170914T,09-14-2017,Field Msr/Obs,Water,,11-01-2017 10:24:17 PM
HUIWAIOLA_WQX,OUB,Ukumehame Beach,OUB170914TB,09-14-2017,Field Msr/Obs,Water,,11-01-2017 10:24:21 PM
HUIWAIOLA_WQX,OUB,Ukumehame Beach,OUB170914TN,09-14-2017,Sample-Routine,Water,,11-01-2017 10:24:21 PM
HUIWAIOLA_WQX,OUB,Ukumehame Beach,OUB170914TP,09-14-2017,Sample-Routine,Water,,11-01-2017 10:24:22 PM
HUIWAIOLA_WQX,RAB,Airport Beach,RAB160614DO,06-14-2016,Field Msr/Obs,Water,,08-06-2017 7:32:00 PM
HUIWAIOLA_WQX,RAB,Airport Beach,RAB160614DOp,06-14-2016,Field Msr/Obs,Water,,08-06-2017 7:32:00 PM
HUIWAIOLA_WQX,RAB,Airport Beach,RAB160614NH4,06-14-2016,Sample-Routine,Water,,08-06-2017 7:32:04 PM
HUIWAIOLA_WQX,RAB,Airport Beach,RAB160614NNN,06-14-2016,Sample-Routine,Water,,08-06-2017 7:32:04 PM
HUIWAIOLA_WQX,RAB,Airport Beach,RAB160614pH,06-14-2016,Field Msr/Obs,Water,,08-06-2017 7:32:01 PM
HUIWAIOLA_WQX,RAB,Airport Beach,RAB160614PO4,06-14-2016,Sample-Routine,Water,,08-06-2017 7:32:03 PM
HUIWAIOLA_WQX,RAB,Airport Beach,RAB160614S,06-14-2016,Field Msr/Obs,Water,,08-06-2017 7:32:01 PM
HUIWAIOLA_WQX,RAB,Airport Beach,RAB160614Si,06-14-2016,Sample-Routine,Water,,08-06-2017 7:32:03 PM
HUIWAIOLA_WQX,RAB,Airport Beach,RAB160614T,06-14-2016,Field Msr/Obs,Water,,08-06-2017 7:32:00 PM
HUIWAIOLA_WQX,RAB,Airport Beach,RAB160614TB,06-14-2016,Field Msr/Obs,Water,,08-06-2017 7:32:01 PM
HUIWAIOLA_WQX,RAB,Airport Beach,RAB160614TN,06-14-2016,Sample-Routine,Water,,08-06-2017 7:32:02 PM
HUIWAIOLA_WQX,RAB,Airport Beach,RAB160614TP,06-14-2016,Sample-Routine,Water,,08-06-2017 7:32:02 PM
HUIWAIOLA_WQX,RAB,Airport Beach,RAB160628DO,06-28-2016,Field Msr/Obs,Water,,08-06-2017 7:32:04 PM
HUIWAIOLA_WQX,RAB,Airport Beach,RAB160628DOp,06-28-2016,Field Msr/Obs,Water,,08-06-2017 7:32:04 PM
HUIWAIOLA_WQX,RAB,Airport Beach,RAB160628NH4,06-28-2016,Sample-Routine,Water,,08-06-2017 7:32:06 PM
HUIWAIOLA_WQX,RAB,Airport Beach,RAB160628NNN,06-28-2016,Sample-Routine,Water,,08-06-2017 7:32:06 PM
HUIWAIOLA_WQX,RAB,Airport Beach,RAB160628pH,06-28-2016,Field Msr/Obs,Water,,08-06-2017 7:32:05 PM
HUIWAIOLA_WQX,RAB,Airport Beach,RAB160628PO4,06-28-2016,Sample-Routine,Water,,08-06-2017 7:32:05 PM
HUIWAIOLA_WQX,RAB,Airport Beach,RAB160628S,06-28-2016,Field Msr/Obs,Water,,08-06-2017 7:32:05 PM
HUIWAIOLA_WQX,RAB,Airport Beach,RAB160628Si,06-28-2016,Sample-Routine,Water,,08-06-2017 7:32:06 PM
HUIWAIOLA_WQX,RAB,Airport Beach,RAB160628T,06-28-2016,Field Msr/Obs,Water,,08-06-2017 7:32:04 PM
HUIWAIOLA_WQX,RAB,Airport Beach,RAB160628TB,06-28-2016,Field Msr/Obs,Water,,08-06-2017 7:32:05 PM
HUIWAIOLA_WQX,RAB,Airport Beach,RAB160628TN,06-28-2016,Sample-Routine,Water,,08-06-2017 7:32:05 PM
HUIWAIOLA_WQX,RAB,Airport Beach,RAB160628TP,06-28-2016,Sample-Routine,Water,,08-06-2017 7:32:05 PM
HUIWAIOLA_WQX,RAB,Airport Beach,RAB160712DO,07-12-2016,Field Msr/Obs,Water,,08-06-2017 7:32:06 PM
HUIWAIOLA_WQX,RAB,Airport Beach,RAB160712DOp,07-12-2016,Field Msr/Obs,Water,,08-06-2017 7:32:07 PM
HUIWAIOLA_WQX,RAB,Airport Beach,RAB160712NH4,07-12-2016,Sample-Routine,Water,,08-06-2017 7:32:11 PM
HUIWAIOLA_WQX,RAB,Airport Beach,RAB160712NNN,07-12-2016,Sample-Routine,Water,,08-06-2017 7:32:11 PM
HUIWAIOLA_WQX,RAB,Airport Beach,RAB160712pH,07-12-2016,Field Msr/Obs,Water,,08-06-2017 7:32:07 PM
HUIWAIOLA_WQX,RAB,Airport Beach,RAB160712PO4,07-12-2016,Sample-Routine,Water,,08-06-2017 7:32:08 PM
HUIWAIOLA_WQX,RAB,Airport Beach,RAB160712S,07-12-2016,Field Msr/Obs,Water,,08-06-2017 7:32:07 PM
HUIWAIOLA_WQX,RAB,Airport Beach,RAB160712Si,07-12-2016,Sample-Routine,Water,,08-06-2017 7:32:08 PM
HUIWAIOLA_WQX,RAB,Airport Beach,RAB160712T,07-12-2016,Field Msr/Obs,Water,,08-06-2017 7:32:06 PM
HUIWAIOLA_WQX,RAB,Airport Beach,RAB160712TB,07-12-2016,Field Msr/Obs,Water,,08-06-2017 7:32:07 PM
HUIWAIOLA_WQX,RAB,Airport Beach,RAB160712TN,07-12-2016,Sample-Routine,Water,,08-06-2017 7:32:07 PM
HUIWAIOLA_WQX,RAB,Airport Beach,RAB160712TP,07-12-2016,Sample-Routine,Water,,08-06-2017 7:32:08 PM
HUIWAIOLA_WQX,RAB,Airport Beach,RAB160726DO,07-26-2016,Field Msr/Obs,Water,,08-06-2017 7:32:12 PM
HUIWAIOLA_WQX,RAB,Airport Beach,RAB160726DOp,07-26-2016,Field Msr/Obs,Water,,08-06-2017 7:32:12 PM
HUIWAIOLA_WQX,RAB,Airport Beach,RAB160726NH4,07-26-2016,Sample-Routine,Water,,08-06-2017 7:32:15 PM
HUIWAIOLA_WQX,RAB,Airport Beach,RAB160726NNN,07-26-2016,Sample-Routine,Water,,08-06-2017 7:32:15 PM
HUIWAIOLA_WQX,RAB,Airport Beach,RAB160726pH,07-26-2016,Field Msr/Obs,Water,,08-06-2017 7:32:12 PM
HUIWAIOLA_WQX,RAB,Airport Beach,RAB160726PO4,07-26-2016,Sample-Routine,Water,,08-06-2017 7:32:14 PM
HUIWAIOLA_WQX,RAB,Airport Beach,RAB160726S,07-26-2016,Field Msr/Obs,Water,,08-06-2017 7:32:13 PM
HUIWAIOLA_WQX,RAB,Airport Beach,RAB160726Si,07-26-2016,Sample-Routine,Water,,08-06-2017 7:32:14 PM
HUIWAIOLA_WQX,RAB,Airport Beach,RAB160726T,07-26-2016,Field Msr/Obs,Water,,08-06-2017 7:32:11 PM
HUIWAIOLA_WQX,RAB,Airport Beach,RAB160726TB,07-26-2016,Field Msr/Obs,Water,,08-06-2017 7:32:13 PM
HUIWAIOLA_WQX,RAB,Airport Beach,RAB160726TN,07-26-2016,Sample-Routine,Water,,08-06-2017 7:32:13 PM
HUIWAIOLA_WQX,RAB,Airport Beach,RAB160726TP,07-26-2016,Sample-Routine,Water,,08-06-2017 7:32:14 PM
HUIWAIOLA_WQX,RAB,Airport Beach,RAB160809DO,08-09-2016,Field Msr/Obs,Water,,08-06-2017 7:32:15 PM
HUIWAIOLA_WQX,RAB,Airport Beach,RAB160809DOp,08-09-2016,Field Msr/Obs,Water,,08-06-2017 7:32:16 PM
HUIWAIOLA_WQX,RAB,Airport Beach,RAB160809NH4,08-09-2016,Sample-Routine,Water,,08-06-2017 7:32:17 PM
HUIWAIOLA_WQX,RAB,Airport Beach,RAB160809NNN,08-09-2016,Sample-Routine,Water,,08-06-2017 7:32:17 PM
HUIWAIOLA_WQX,RAB,Airport Beach,RAB160809pH,08-09-2016,Field Msr/Obs,Water,,08-06-2017 7:32:16 PM
HUIWAIOLA_WQX,RAB,Airport Beach,RAB160809PO4,08-09-2016,Sample-Routine,Water,,08-06-2017 7:32:17 PM
HUIWAIOLA_WQX,RAB,Airport Beach,RAB160809S,08-09-2016,Field Msr/Obs,Water,,08-06-2017 7:32:16 PM
HUIWAIOLA_WQX,RAB,Airport Beach,RAB160809Si,08-09-2016,Sample-Routine,Water,,08-06-2017 7:32:17 PM
HUIWAIOLA_WQX,RAB,Airport Beach,RAB160809T,08-09-2016,Field Msr/Obs,Water,,08-06-2017 7:32:15 PM
HUIWAIOLA_WQX,RAB,Airport Beach,RAB160809TB,08-09-2016,Field Msr/Obs,Water,,08-06-2017 7:32:16 PM
HUIWAIOLA_WQX,RAB,Airport Beach,RAB160809TN,08-09-2016,Sample-Routine,Water,,08-06-2017 7:32:16 PM
HUIWAIOLA_WQX,RAB,Airport Beach,RAB160809TP,08-09-2016,Sample-Routine,Water,,08-06-2017 7:32:17 PM
HUIWAIOLA_WQX,RAB,Airport Beach,RAB160823DO,08-23-2016,Field Msr/Obs,Water,,08-06-2017 7:32:18 PM
HUIWAIOLA_WQX,RAB,Airport Beach,RAB160823DOp,08-23-2016,Field Msr/Obs,Water,,08-06-2017 7:32:18 PM
HUIWAIOLA_WQX,RAB,Airport Beach,RAB160823NH4,08-23-2016,Sample-Routine,Water,,08-06-2017 7:32:21 PM
HUIWAIOLA_WQX,RAB,Airport Beach,RAB160823NNN,08-23-2016,Sample-Routine,Water,,08-06-2017 7:32:21 PM
HUIWAIOLA_WQX,RAB,Airport Beach,RAB160823pH,08-23-2016,Field Msr/Obs,Water,,08-06-2017 7:32:19 PM
HUIWAIOLA_WQX,RAB,Airport Beach,RAB160823PO4,08-23-2016,Sample-Routine,Water,,08-06-2017 7:32:20 PM
HUIWAIOLA_WQX,RAB,Airport Beach,RAB160823S,08-23-2016,Field Msr/Obs,Water,,08-06-2017 7:32:19 PM
HUIWAIOLA_WQX,RAB,Airport Beach,RAB160823Si,08-23-2016,Sample-Routine,Water,,08-06-2017 7:32:20 PM
HUIWAIOLA_WQX,RAB,Airport Beach,RAB160823T,08-23-2016,Field Msr/Obs,Water,,08-06-2017 7:32:18 PM
HUIWAIOLA_WQX,RAB,Airport Beach,RAB160823TB,08-23-2016,Field Msr/Obs,Water,,08-06-2017 7:32:19 PM
HUIWAIOLA_WQX,RAB,Airport Beach,RAB160823TN,08-23-2016,Sample-Routine,Water,,08-06-2017 7:32:19 PM
HUIWAIOLA_WQX,RAB,Airport Beach,RAB160823TP,08-23-2016,Sample-Routine,Water,,08-06-2017 7:32:20 PM
HUIWAIOLA_WQX,RAB,Airport Beach,RAB160906DO,09-06-2016,Field Msr/Obs,Water,,08-06-2017 7:32:21 PM
HUIWAIOLA_WQX,RAB,Airport Beach,RAB160906DOp,09-06-2016,Field Msr/Obs,Water,,08-06-2017 7:32:21 PM
HUIWAIOLA_WQX,RAB,Airport Beach,RAB160906NH4,09-06-2016,Sample-Routine,Water,,08-06-2017 7:32:23 PM
HUIWAIOLA_WQX,RAB,Airport Beach,RAB160906NNN,09-06-2016,Sample-Routine,Water,,08-06-2017 7:32:23 PM
HUIWAIOLA_WQX,RAB,Airport Beach,RAB160906pH,09-06-2016,Field Msr/Obs,Water,,08-06-2017 7:32:22 PM
HUIWAIOLA_WQX,RAB,Airport Beach,RAB160906PO4,09-06-2016,Sample-Routine,Water,,08-06-2017 7:32:23 PM
HUIWAIOLA_WQX,RAB,Airport Beach,RAB160906S,09-06-2016,Field Msr/Obs,Water,,08-06-2017 7:32:22 PM
HUIWAIOLA_WQX,RAB,Airport Beach,RAB160906Si,09-06-2016,Sample-Routine,Water,,08-06-2017 7:32:23 PM
HUIWAIOLA_WQX,RAB,Airport Beach,RAB160906T,09-06-2016,Field Msr/Obs,Water,,08-06-2017 7:32:21 PM
HUIWAIOLA_WQX,RAB,Airport Beach,RAB160906TB,09-06-2016,Field Msr/Obs,Water,,08-06-2017 7:32:22 PM
HUIWAIOLA_WQX,RAB,Airport Beach,RAB160906TN,09-06-2016,Sample-Routine,Water,,08-06-2017 7:32:22 PM
HUIWAIOLA_WQX,RAB,Airport Beach,RAB160906TP,09-06-2016,Sample-Routine,Water,,08-06-2017 7:32:22 PM
HUIWAIOLA_WQX,RAB,Airport Beach,RAB160920DO,09-20-2016,Field Msr/Obs,Water,,08-06-2017 7:32:24 PM
HUIWAIOLA_WQX,RAB,Airport Beach,RAB160920DOp,09-20-2016,Field Msr/Obs,Water,,08-06-2017 7:32:24 PM
HUIWAIOLA_WQX,RAB,Airport Beach,RAB160920NH4,09-20-2016,Sample-Routine,Water,,08-06-2017 7:32:26 PM
HUIWAIOLA_WQX,RAB,Airport Beach,RAB160920NNN,09-20-2016,Sample-Routine,Water,,08-06-2017 7:32:25 PM
HUIWAIOLA_WQX,RAB,Airport Beach,RAB160920pH,09-20-2016,Field Msr/Obs,Water,,08-06-2017 7:32:24 PM
HUIWAIOLA_WQX,RAB,Airport Beach,RAB160920PO4,09-20-2016,Sample-Routine,Water,,08-06-2017 7:32:25 PM
HUIWAIOLA_WQX,RAB,Airport Beach,RAB160920S,09-20-2016,Field Msr/Obs,Water,,08-06-2017 7:32:24 PM
HUIWAIOLA_WQX,RAB,Airport Beach,RAB160920Si,09-20-2016,Sample-Routine,Water,,08-06-2017 7:32:25 PM
HUIWAIOLA_WQX,RAB,Airport Beach,RAB160920T,09-20-2016,Field Msr/Obs,Water,,08-06-2017 7:32:23 PM
HUIWAIOLA_WQX,RAB,Airport Beach,RAB160920TB,09-20-2016,Field Msr/Obs,Water,,08-06-2017 7:32:24 PM
HUIWAIOLA_WQX,RAB,Airport Beach,RAB160920TN,09-20-2016,Sample-Routine,Water,,08-06-2017 7:32:25 PM
HUIWAIOLA_WQX,RAB,Airport Beach,RAB160920TP,09-20-2016,Sample-Routine,Water,,08-06-2017 7:32:25 PM
HUIWAIOLA_WQX,RAB,Airport Beach,RAB161004DO,10-04-2016,Field Msr/Obs,Water,,08-06-2017 7:32:26 PM
HUIWAIOLA_WQX,RAB,Airport Beach,RAB161004DOp,10-04-2016,Field Msr/Obs,Water,,08-06-2017 7:32:27 PM
HUIWAIOLA_WQX,RAB,Airport Beach,RAB161004NH4,10-04-2016,Sample-Routine,Water,,08-06-2017 7:32:29 PM
HUIWAIOLA_WQX,RAB,Airport Beach,RAB161004NNN,10-04-2016,Sample-Routine,Water,,08-06-2017 7:32:29 PM
HUIWAIOLA_WQX,RAB,Airport Beach,RAB161004pH,10-04-2016,Field Msr/Obs,Water,,08-06-2017 7:32:27 PM
HUIWAIOLA_WQX,RAB,Airport Beach,RAB161004PO4,10-04-2016,Sample-Routine,Water,,08-06-2017 7:32:28 PM
HUIWAIOLA_WQX,RAB,Airport Beach,RAB161004S,10-04-2016,Field Msr/Obs,Water,,08-06-2017 7:32:27 PM
HUIWAIOLA_WQX,RAB,Airport Beach,RAB161004Si,10-04-2016,Sample-Routine,Water,,08-06-2017 7:32:28 PM
HUIWAIOLA_WQX,RAB,Airport Beach,RAB161004T,10-04-2016,Field Msr/Obs,Water,,08-06-2017 7:32:26 PM
HUIWAIOLA_WQX,RAB,Airport Beach,RAB161004TB,10-04-2016,Field Msr/Obs,Water,,08-06-2017 7:32:27 PM
HUIWAIOLA_WQX,RAB,Airport Beach,RAB161004TN,10-04-2016,Sample-Routine,Water,,08-06-2017 7:32:28 PM
HUIWAIOLA_WQX,RAB,Airport Beach,RAB161004TP,10-04-2016,Sample-Routine,Water,,08-06-2017 7:32:28 PM
HUIWAIOLA_WQX,RAB,Airport Beach,RAB161018DO,10-18-2016,Field Msr/Obs,Water,,08-06-2017 7:32:29 PM
HUIWAIOLA_WQX,RAB,Airport Beach,RAB161018DOp,10-18-2016,Field Msr/Obs,Water,,08-06-2017 7:32:30 PM
HUIWAIOLA_WQX,RAB,Airport Beach,RAB161018NH4,10-18-2016,Sample-Routine,Water,,08-06-2017 7:32:32 PM
HUIWAIOLA_WQX,RAB,Airport Beach,RAB161018NNN,10-18-2016,Sample-Routine,Water,,08-06-2017 7:32:31 PM
HUIWAIOLA_WQX,RAB,Airport Beach,RAB161018pH,10-18-2016,Field Msr/Obs,Water,,08-06-2017 7:32:30 PM
HUIWAIOLA_WQX,RAB,Airport Beach,RAB161018PO4,10-18-2016,Sample-Routine,Water,,08-06-2017 7:32:31 PM
HUIWAIOLA_WQX,RAB,Airport Beach,RAB161018S,10-18-2016,Field Msr/Obs,Water,,08-06-2017 7:32:30 PM
HUIWAIOLA_WQX,RAB,Airport Beach,RAB161018Si,10-18-2016,Sample-Routine,Water,,08-06-2017 7:32:31 PM
HUIWAIOLA_WQX,RAB,Airport Beach,RAB161018T,10-18-2016,Field Msr/Obs,Water,,08-06-2017 7:32:29 PM
HUIWAIOLA_WQX,RAB,Airport Beach,RAB161018TB,10-18-2016,Field Msr/Obs,Water,,08-06-2017 7:32:30 PM
HUIWAIOLA_WQX,RAB,Airport Beach,RAB161018TN,10-18-2016,Sample-Routine,Water,,08-06-2017 7:32:30 PM
HUIWAIOLA_WQX,RAB,Airport Beach,RAB161018TP,10-18-2016,Sample-Routine,Water,,08-06-2017 7:32:31 PM
HUIWAIOLA_WQX,RAB,Airport Beach,RAB161101DO,11-01-2016,Field Msr/Obs,Water,,08-06-2017 7:32:32 PM
HUIWAIOLA_WQX,RAB,Airport Beach,RAB161101DOp,11-01-2016,Field Msr/Obs,Water,,08-06-2017 7:32:32 PM
HUIWAIOLA_WQX,RAB,Airport Beach,RAB161101NH4,11-01-2016,Sample-Routine,Water,,08-06-2017 7:32:34 PM
HUIWAIOLA_WQX,RAB,Airport Beach,RAB161101NNN,11-01-2016,Sample-Routine,Water,,08-06-2017 7:32:34 PM
HUIWAIOLA_WQX,RAB,Airport Beach,RAB161101pH,11-01-2016,Field Msr/Obs,Water,,08-06-2017 7:32:32 PM
HUIWAIOLA_WQX,RAB,Airport Beach,RAB161101PO4,11-01-2016,Sample-Routine,Water,,08-06-2017 7:32:33 PM
HUIWAIOLA_WQX,RAB,Airport Beach,RAB161101S,11-01-2016,Field Msr/Obs,Water,,08-06-2017 7:32:33 PM
HUIWAIOLA_WQX,RAB,Airport Beach,RAB161101Si,11-01-2016,Sample-Routine,Water,,08-06-2017 7:32:34 PM
HUIWAIOLA_WQX,RAB,Airport Beach,RAB161101T,11-01-2016,Field Msr/Obs,Water,,08-06-2017 7:32:32 PM
HUIWAIOLA_WQX,RAB,Airport Beach,RAB161101TB,11-01-2016,Field Msr/Obs,Water,,08-06-2017 7:32:33 PM
HUIWAIOLA_WQX,RAB,Airport Beach,RAB161101TN,11-01-2016,Sample-Routine,Water,,08-06-2017 7:32:33 PM
HUIWAIOLA_WQX,RAB,Airport Beach,RAB161101TP,11-01-2016,Sample-Routine,Water,,08-06-2017 7:32:33 PM
HUIWAIOLA_WQX,RAB,Airport Beach,RAB161115DO,11-15-2016,Field Msr/Obs,Water,,08-06-2017 7:32:35 PM
HUIWAIOLA_WQX,RAB,Airport Beach,RAB161115DOp,11-15-2016,Field Msr/Obs,Water,,08-06-2017 7:32:36 PM
HUIWAIOLA_WQX,RAB,Airport Beach,RAB161115NH4,11-15-2016,Sample-Routine,Water,,08-06-2017 7:32:38 PM
HUIWAIOLA_WQX,RAB,Airport Beach,RAB161115NNN,11-15-2016,Sample-Routine,Water,,08-06-2017 7:32:38 PM
HUIWAIOLA_WQX,RAB,Airport Beach,RAB161115pH,11-15-2016,Field Msr/Obs,Water,,08-06-2017 7:32:36 PM
HUIWAIOLA_WQX,RAB,Airport Beach,RAB161115PO4,11-15-2016,Sample-Routine,Water,,08-06-2017 7:32:37 PM
HUIWAIOLA_WQX,RAB,Airport Beach,RAB161115S,11-15-2016,Field Msr/Obs,Water,,08-06-2017 7:32:36 PM
HUIWAIOLA_WQX,RAB,Airport Beach,RAB161115Si,11-15-2016,Sample-Routine,Water,,08-06-2017 7:32:38 PM
HUIWAIOLA_WQX,RAB,Airport Beach,RAB161115T,11-15-2016,Field Msr/Obs,Water,,08-06-2017 7:32:35 PM
HUIWAIOLA_WQX,RAB,Airport Beach,RAB161115TB,11-15-2016,Field Msr/Obs,Water,,08-06-2017 7:32:36 PM
HUIWAIOLA_WQX,RAB,Airport Beach,RAB161115TN,11-15-2016,Sample-Routine,Water,,08-06-2017 7:32:36 PM
HUIWAIOLA_WQX,RAB,Airport Beach,RAB161115TP,11-15-2016,Sample-Routine,Water,,08-06-2017 7:32:37 PM
HUIWAIOLA_WQX,RAB,Airport Beach,RAB161129DO,11-29-2016,Field Msr/Obs,Water,,08-06-2017 7:32:39 PM
HUIWAIOLA_WQX,RAB,Airport Beach,RAB161129DOp,11-29-2016,Field Msr/Obs,Water,,08-06-2017 7:32:39 PM
HUIWAIOLA_WQX,RAB,Airport Beach,RAB161129NH4,11-29-2016,Sample-Routine,Water,,08-06-2017 7:32:41 PM
HUIWAIOLA_WQX,RAB,Airport Beach,RAB161129NNN,11-29-2016,Sample-Routine,Water,,08-06-2017 7:32:41 PM
HUIWAIOLA_WQX,RAB,Airport Beach,RAB161129pH,11-29-2016,Field Msr/Obs,Water,,08-06-2017 7:32:39 PM
HUIWAIOLA_WQX,RAB,Airport Beach,RAB161129PO4,11-29-2016,Sample-Routine,Water,,08-06-2017 7:32:41 PM
HUIWAIOLA_WQX,RAB,Airport Beach,RAB161129S,11-29-2016,Field Msr/Obs,Water,,08-06-2017 7:32:40 PM
HUIWAIOLA_WQX,RAB,Airport Beach,RAB161129Si,11-29-2016,Sample-Routine,Water,,08-06-2017 7:32:41 PM
HUIWAIOLA_WQX,RAB,Airport Beach,RAB161129T,11-29-2016,Field Msr/Obs,Water,,08-06-2017 7:32:39 PM
HUIWAIOLA_WQX,RAB,Airport Beach,RAB161129TB,11-29-2016,Field Msr/Obs,Water,,08-06-2017 7:32:40 PM
HUIWAIOLA_WQX,RAB,Airport Beach,RAB161129TN,11-29-2016,Sample-Routine,Water,,08-06-2017 7:32:40 PM
HUIWAIOLA_WQX,RAB,Airport Beach,RAB161129TP,11-29-2016,Sample-Routine,Water,,08-06-2017 7:32:40 PM
HUIWAIOLA_WQX,RAB,Airport Beach,RAB161213DO,12-13-2016,Field Msr/Obs,Water,,08-06-2017 7:32:42 PM
HUIWAIOLA_WQX,RAB,Airport Beach,RAB161213DOp,12-13-2016,Field Msr/Obs,Water,,08-06-2017 7:32:42 PM
HUIWAIOLA_WQX,RAB,Airport Beach,RAB161213NH4,12-13-2016,Sample-Routine,Water,,08-06-2017 7:32:44 PM
HUIWAIOLA_WQX,RAB,Airport Beach,RAB161213NNN,12-13-2016,Sample-Routine,Water,,08-06-2017 7:32:44 PM
HUIWAIOLA_WQX,RAB,Airport Beach,RAB161213pH,12-13-2016,Field Msr/Obs,Water,,08-06-2017 7:32:42 PM
HUIWAIOLA_WQX,RAB,Airport Beach,RAB161213PO4,12-13-2016,Sample-Routine,Water,,08-06-2017 7:32:44 PM
HUIWAIOLA_WQX,RAB,Airport Beach,RAB161213S,12-13-2016,Field Msr/Obs,Water,,08-06-2017 7:32:43 PM
HUIWAIOLA_WQX,RAB,Airport Beach,RAB161213Si,12-13-2016,Sample-Routine,Water,,08-06-2017 7:32:44 PM
HUIWAIOLA_WQX,RAB,Airport Beach,RAB161213T,12-13-2016,Field Msr/Obs,Water,,08-06-2017 7:32:42 PM
HUIWAIOLA_WQX,RAB,Airport Beach,RAB161213TB,12-13-2016,Field Msr/Obs,Water,,08-06-2017 7:32:43 PM
HUIWAIOLA_WQX,RAB,Airport Beach,RAB161213TN,12-13-2016,Sample-Routine,Water,,08-06-2017 7:32:43 PM
HUIWAIOLA_WQX,RAB,Airport Beach,RAB161213TP,12-13-2016,Sample-Routine,Water,,08-06-2017 7:32:43 PM
HUIWAIOLA_WQX,RAB,Airport Beach,RAB170103DO,01-03-2017,Field Msr/Obs,Water,,08-06-2017 7:32:45 PM
HUIWAIOLA_WQX,RAB,Airport Beach,RAB170103DOp,01-03-2017,Field Msr/Obs,Water,,08-06-2017 7:32:45 PM
HUIWAIOLA_WQX,RAB,Airport Beach,RAB170103NH4,01-03-2017,Sample-Routine,Water,,08-06-2017 7:32:47 PM
HUIWAIOLA_WQX,RAB,Airport Beach,RAB170103NNN,01-03-2017,Sample-Routine,Water,,08-06-2017 7:32:46 PM
HUIWAIOLA_WQX,RAB,Airport Beach,RAB170103PO4,01-03-2017,Sample-Routine,Water,,08-06-2017 7:32:46 PM
HUIWAIOLA_WQX,RAB,Airport Beach,RAB170103S,01-03-2017,Field Msr/Obs,Water,,08-06-2017 7:32:45 PM
HUIWAIOLA_WQX,RAB,Airport Beach,RAB170103Si,01-03-2017,Sample-Routine,Water,,08-06-2017 7:32:46 PM
HUIWAIOLA_WQX,RAB,Airport Beach,RAB170103T,01-03-2017,Field Msr/Obs,Water,,08-06-2017 7:32:44 PM
HUIWAIOLA_WQX,RAB,Airport Beach,RAB170103TB,01-03-2017,Field Msr/Obs,Water,,08-06-2017 7:32:45 PM
HUIWAIOLA_WQX,RAB,Airport Beach,RAB170103TN,01-03-2017,Sample-Routine,Water,,08-06-2017 7:32:45 PM
HUIWAIOLA_WQX,RAB,Airport Beach,RAB170103TP,01-03-2017,Sample-Routine,Water,,08-06-2017 7:32:46 PM
HUIWAIOLA_WQX,RAB,Airport Beach,RAB170124DO,01-24-2017,Field Msr/Obs,Water,,08-06-2017 7:32:47 PM
HUIWAIOLA_WQX,RAB,Airport Beach,RAB170124DOp,01-24-2017,Field Msr/Obs,Water,,08-06-2017 7:32:47 PM
HUIWAIOLA_WQX,RAB,Airport Beach,RAB170124NH4,01-24-2017,Sample-Routine,Water,,08-06-2017 7:32:49 PM
HUIWAIOLA_WQX,RAB,Airport Beach,RAB170124NNN,01-24-2017,Sample-Routine,Water,,08-06-2017 7:32:49 PM
HUIWAIOLA_WQX,RAB,Airport Beach,RAB170124pH,01-24-2017,Field Msr/Obs,Water,,08-06-2017 7:32:48 PM
HUIWAIOLA_WQX,RAB,Airport Beach,RAB170124PO4,01-24-2017,Sample-Routine,Water,,08-06-2017 7:32:49 PM
HUIWAIOLA_WQX,RAB,Airport Beach,RAB170124Si,01-24-2017,Sample-Routine,Water,,08-06-2017 7:32:49 PM
HUIWAIOLA_WQX,RAB,Airport Beach,RAB170124T,01-24-2017,Field Msr/Obs,Water,,08-06-2017 7:32:47 PM
HUIWAIOLA_WQX,RAB,Airport Beach,RAB170124TB,01-24-2017,Field Msr/Obs,Water,,08-06-2017 7:32:48 PM
HUIWAIOLA_WQX,RAB,Airport Beach,RAB170124TN,01-24-2017,Sample-Routine,Water,,08-06-2017 7:32:48 PM
HUIWAIOLA_WQX,RAB,Airport Beach,RAB170124TP,01-24-2017,Sample-Routine,Water,,08-06-2017 7:32:49 PM
HUIWAIOLA_WQX,RAB,Airport Beach,RAB170214DO,02-14-2017,Field Msr/Obs,Water,,08-06-2017 7:32:50 PM
HUIWAIOLA_WQX,RAB,Airport Beach,RAB170214DOp,02-14-2017,Field Msr/Obs,Water,,08-06-2017 7:32:50 PM
HUIWAIOLA_WQX,RAB,Airport Beach,RAB170214NH4,02-14-2017,Sample-Routine,Water,,08-06-2017 7:32:52 PM
HUIWAIOLA_WQX,RAB,Airport Beach,RAB170214NNN,02-14-2017,Sample-Routine,Water,,08-06-2017 7:32:52 PM
HUIWAIOLA_WQX,RAB,Airport Beach,RAB170214pH,02-14-2017,Field Msr/Obs,Water,,08-06-2017 7:32:50 PM
HUIWAIOLA_WQX,RAB,Airport Beach,RAB170214PO4,02-14-2017,Sample-Routine,Water,,08-06-2017 7:32:51 PM
HUIWAIOLA_WQX,RAB,Airport Beach,RAB170214S,02-14-2017,Field Msr/Obs,Water,,08-06-2017 7:32:50 PM
HUIWAIOLA_WQX,RAB,Airport Beach,RAB170214Si,02-14-2017,Sample-Routine,Water,,08-06-2017 7:32:51 PM
HUIWAIOLA_WQX,RAB,Airport Beach,RAB170214T,02-14-2017,Field Msr/Obs,Water,,08-06-2017 7:32:50 PM
HUIWAIOLA_WQX,RAB,Airport Beach,RAB170214TB,02-14-2017,Field Msr/Obs,Water,,08-06-2017 7:32:51 PM
HUIWAIOLA_WQX,RAB,Airport Beach,RAB170214TN,02-14-2017,Sample-Routine,Water,,08-06-2017 7:32:51 PM
HUIWAIOLA_WQX,RAB,Airport Beach,RAB170214TP,02-14-2017,Sample-Routine,Water,,08-06-2017 7:32:51 PM
HUIWAIOLA_WQX,RAB,Airport Beach,RAB170307DO,03-07-2017,Field Msr/Obs,Water,,08-06-2017 7:32:53 PM
HUIWAIOLA_WQX,RAB,Airport Beach,RAB170307DOp,03-07-2017,Field Msr/Obs,Water,,08-06-2017 7:32:53 PM
HUIWAIOLA_WQX,RAB,Airport Beach,RAB170307NH4,03-07-2017,Sample-Routine,Water,,08-06-2017 7:32:55 PM
HUIWAIOLA_WQX,RAB,Airport Beach,RAB170307NNN,03-07-2017,Sample-Routine,Water,,08-06-2017 7:32:55 PM
HUIWAIOLA_WQX,RAB,Airport Beach,RAB170307pH,03-07-2017,Field Msr/Obs,Water,,08-06-2017 7:32:53 PM
HUIWAIOLA_WQX,RAB,Airport Beach,RAB170307PO4,03-07-2017,Sample-Routine,Water,,08-06-2017 7:32:54 PM
HUIWAIOLA_WQX,RAB,Airport Beach,RAB170307S,03-07-2017,Field Msr/Obs,Water,,08-06-2017 7:32:53 PM
HUIWAIOLA_WQX,RAB,Airport Beach,RAB170307Si,03-07-2017,Sample-Routine,Water,,08-06-2017 7:32:54 PM
HUIWAIOLA_WQX,RAB,Airport Beach,RAB170307T,03-07-2017,Field Msr/Obs,Water,,08-06-2017 7:32:52 PM
HUIWAIOLA_WQX,RAB,Airport Beach,RAB170307TB,03-07-2017,Field Msr/Obs,Water,,08-06-2017 7:32:54 PM
HUIWAIOLA_WQX,RAB,Airport Beach,RAB170307TN,03-07-2017,Sample-Routine,Water,,08-06-2017 7:32:54 PM
HUIWAIOLA_WQX,RAB,Airport Beach,RAB170307TP,03-07-2017,Sample-Routine,Water,,08-06-2017 7:32:54 PM
HUIWAIOLA_WQX,RAB,Airport Beach,RAB170328,03-28-2017,Field Msr/Obs,Water,,05-23-2017 2:21:42 AM
HUIWAIOLA_WQX,RAB,Airport Beach,RAB170328-N-1NH4,03-28-2017,Sample-Routine,Water,,05-23-2017 2:21:55 AM
HUIWAIOLA_WQX,RAB,Airport Beach,RAB170328-N-1NN,03-28-2017,Sample-Routine,Water,,05-23-2017 2:21:53 AM
HUIWAIOLA_WQX,RAB,Airport Beach,RAB170328-N-1P,03-28-2017,Sample-Routine,Water,,05-23-2017 2:21:51 AM
HUIWAIOLA_WQX,RAB,Airport Beach,RAB170328-N-1Si,03-28-2017,Sample-Routine,Water,,05-23-2017 2:21:53 AM
HUIWAIOLA_WQX,RAB,Airport Beach,RAB170328-N-1TN,03-28-2017,Sample-Routine,Water,,05-23-2017 2:21:48 AM
HUIWAIOLA_WQX,RAB,Airport Beach,RAB170328-N-1TP,03-28-2017,Sample-Routine,Water,,05-23-2017 2:21:49 AM
HUIWAIOLA_WQX,RAB,Airport Beach,RAB170328DO,03-28-2017,Field Msr/Obs,Water,,08-06-2017 7:32:55 PM
HUIWAIOLA_WQX,RAB,Airport Beach,RAB170328DOp,03-28-2017,Field Msr/Obs,Water,,08-06-2017 7:32:55 PM
HUIWAIOLA_WQX,RAB,Airport Beach,RAB170328NH4,03-28-2017,Sample-Routine,Water,,08-06-2017 7:32:58 PM
HUIWAIOLA_WQX,RAB,Airport Beach,RAB170328NNN,03-28-2017,Sample-Routine,Water,,08-06-2017 7:32:57 PM
HUIWAIOLA_WQX,RAB,Airport Beach,RAB170328pH,03-28-2017,Field Msr/Obs,Water,,08-06-2017 7:32:56 PM
HUIWAIOLA_WQX,RAB,Airport Beach,RAB170328PO4,03-28-2017,Sample-Routine,Water,,08-06-2017 7:32:57 PM
HUIWAIOLA_WQX,RAB,Airport Beach,RAB170328S,03-28-2017,Field Msr/Obs,Water,,08-06-2017 7:32:56 PM
HUIWAIOLA_WQX,RAB,Airport Beach,RAB170328Si,03-28-2017,Sample-Routine,Water,,08-06-2017 7:32:57 PM
HUIWAIOLA_WQX,RAB,Airport Beach,RAB170328T,03-28-2017,Field Msr/Obs,Water,,08-06-2017 7:32:55 PM
HUIWAIOLA_WQX,RAB,Airport Beach,RAB170328TB,03-28-2017,Field Msr/Obs,Water,,08-06-2017 7:32:56 PM
HUIWAIOLA_WQX,RAB,Airport Beach,RAB170328TN,03-28-2017,Sample-Routine,Water,,08-06-2017 7:32:56 PM
HUIWAIOLA_WQX,RAB,Airport Beach,RAB170328TP,03-28-2017,Sample-Routine,Water,,08-06-2017 7:32:56 PM
HUIWAIOLA_WQX,RAB,Airport Beach,RAB170328Turb,03-28-2017,Field Msr/Obs,Water,,05-23-2017 2:21:47 AM
HUIWAIOLA_WQX,RAB,Airport Beach,RAB170418DO,04-18-2017,Field Msr/Obs,Water,,08-06-2017 7:32:58 PM
HUIWAIOLA_WQX,RAB,Airport Beach,RAB170418DOp,04-18-2017,Field Msr/Obs,Water,,08-06-2017 7:32:58 PM
HUIWAIOLA_WQX,RAB,Airport Beach,RAB170418NH4,04-18-2017,Sample-Routine,Water,,08-06-2017 7:33:00 PM
HUIWAIOLA_WQX,RAB,Airport Beach,RAB170418NNN,04-18-2017,Sample-Routine,Water,,08-06-2017 7:33:00 PM
HUIWAIOLA_WQX,RAB,Airport Beach,RAB170418pH,04-18-2017,Field Msr/Obs,Water,,08-06-2017 7:32:59 PM
HUIWAIOLA_WQX,RAB,Airport Beach,RAB170418PO4,04-18-2017,Sample-Routine,Water,,08-06-2017 7:32:59 PM
HUIWAIOLA_WQX,RAB,Airport Beach,RAB170418S,04-18-2017,Field Msr/Obs,Water,,08-06-2017 7:32:59 PM
HUIWAIOLA_WQX,RAB,Airport Beach,RAB170418Si,04-18-2017,Sample-Routine,Water,,08-06-2017 7:33:00 PM
HUIWAIOLA_WQX,RAB,Airport Beach,RAB170418T,04-18-2017,Field Msr/Obs,Water,,08-06-2017 7:32:58 PM
HUIWAIOLA_WQX,RAB,Airport Beach,RAB170418TB,04-18-2017,Field Msr/Obs,Water,,08-06-2017 7:32:59 PM
HUIWAIOLA_WQX,RAB,Airport Beach,RAB170418TN,04-18-2017,Sample-Routine,Water,,08-06-2017 7:32:59 PM
HUIWAIOLA_WQX,RAB,Airport Beach,RAB170418TP,04-18-2017,Sample-Routine,Water,,08-06-2017 7:32:59 PM
HUIWAIOLA_WQX,RAB,Airport Beach,RAB170509DO,05-09-2017,Field Msr/Obs,Water,,08-06-2017 7:33:01 PM
HUIWAIOLA_WQX,RAB,Airport Beach,RAB170509DOp,05-09-2017,Field Msr/Obs,Water,,08-06-2017 7:33:01 PM
HUIWAIOLA_WQX,RAB,Airport Beach,RAB170509NH4,05-09-2017,Sample-Routine,Water,,08-06-2017 7:33:03 PM
HUIWAIOLA_WQX,RAB,Airport Beach,RAB170509NNN,05-09-2017,Sample-Routine,Water,,08-06-2017 7:33:03 PM
HUIWAIOLA_WQX,RAB,Airport Beach,RAB170509pH,05-09-2017,Field Msr/Obs,Water,,08-06-2017 7:33:01 PM
HUIWAIOLA_WQX,RAB,Airport Beach,RAB170509PO4,05-09-2017,Sample-Routine,Water,,08-06-2017 7:33:02 PM
HUIWAIOLA_WQX,RAB,Airport Beach,RAB170509S,05-09-2017,Field Msr/Obs,Water,,08-06-2017 7:33:01 PM
HUIWAIOLA_WQX,RAB,Airport Beach,RAB170509Si,05-09-2017,Sample-Routine,Water,,08-06-2017 7:33:02 PM
HUIWAIOLA_WQX,RAB,Airport Beach,RAB170509T,05-09-2017,Field Msr/Obs,Water,,08-06-2017 7:33:01 PM
HUIWAIOLA_WQX,RAB,Airport Beach,RAB170509TB,05-09-2017,Field Msr/Obs,Water,,08-06-2017 7:33:02 PM
HUIWAIOLA_WQX,RAB,Airport Beach,RAB170509TN,05-09-2017,Sample-Routine,Water,,08-06-2017 7:33:02 PM
HUIWAIOLA_WQX,RAB,Airport Beach,RAB170509TP,05-09-2017,Sample-Routine,Water,,08-06-2017 7:33:02 PM
HUIWAIOLA_WQX,RAB,Airport Beach,RAB170530DO,05-30-2017,Field Msr/Obs,Water,,08-06-2017 7:33:04 PM
HUIWAIOLA_WQX,RAB,Airport Beach,RAB170530DOp,05-30-2017,Field Msr/Obs,Water,,08-06-2017 7:33:04 PM
HUIWAIOLA_WQX,RAB,Airport Beach,RAB170530NH4,05-30-2017,Sample-Routine,Water,,08-06-2017 7:33:06 PM
HUIWAIOLA_WQX,RAB,Airport Beach,RAB170530NNN,05-30-2017,Sample-Routine,Water,,08-06-2017 7:33:06 PM
HUIWAIOLA_WQX,RAB,Airport Beach,RAB170530pH,05-30-2017,Field Msr/Obs,Water,,08-06-2017 7:33:04 PM
HUIWAIOLA_WQX,RAB,Airport Beach,RAB170530PO4,05-30-2017,Sample-Routine,Water,,08-06-2017 7:33:05 PM
HUIWAIOLA_WQX,RAB,Airport Beach,RAB170530S,05-30-2017,Field Msr/Obs,Water,,08-06-2017 7:33:04 PM
HUIWAIOLA_WQX,RAB,Airport Beach,RAB170530Si,05-30-2017,Sample-Routine,Water,,08-06-2017 7:33:06 PM
HUIWAIOLA_WQX,RAB,Airport Beach,RAB170530T,05-30-2017,Field Msr/Obs,Water,,08-06-2017 7:33:03 PM
HUIWAIOLA_WQX,RAB,Airport Beach,RAB170530TB,05-30-2017,Field Msr/Obs,Water,,08-06-2017 7:33:05 PM
HUIWAIOLA_WQX,RAB,Airport Beach,RAB170530TN,05-30-2017,Sample-Routine,Water,,08-06-2017 7:33:05 PM
HUIWAIOLA_WQX,RAB,Airport Beach,RAB170530TP,05-30-2017,Sample-Routine,Water,,08-06-2017 7:33:05 PM
HUIWAIOLA_WQX,RAB,Airport Beach,RAB170912DO,09-12-2017,Field Msr/Obs,Water,,11-01-2017 10:24:17 PM
HUIWAIOLA_WQX,RAB,Airport Beach,RAB170912DOp,09-12-2017,Field Msr/Obs,Water,,11-01-2017 10:24:18 PM
HUIWAIOLA_WQX,RAB,Airport Beach,RAB170912NH4,09-12-2017,Sample-Routine,Water,,11-01-2017 10:24:23 PM
HUIWAIOLA_WQX,RAB,Airport Beach,RAB170912NNN,09-12-2017,Sample-Routine,Water,,11-01-2017 10:24:23 PM
HUIWAIOLA_WQX,RAB,Airport Beach,RAB170912pH,09-12-2017,Field Msr/Obs,Water,,11-01-2017 10:24:19 PM
HUIWAIOLA_WQX,RAB,Airport Beach,RAB170912PO4,09-12-2017,Sample-Routine,Water,,11-01-2017 10:24:22 PM
HUIWAIOLA_WQX,RAB,Airport Beach,RAB170912S,09-12-2017,Field Msr/Obs,Water,,11-01-2017 10:24:20 PM
HUIWAIOLA_WQX,RAB,Airport Beach,RAB170912Si,09-12-2017,Sample-Routine,Water,,11-01-2017 10:24:23 PM
HUIWAIOLA_WQX,RAB,Airport Beach,RAB170912T,09-12-2017,Field Msr/Obs,Water,,11-01-2017 10:24:17 PM
HUIWAIOLA_WQX,RAB,Airport Beach,RAB170912TB,09-12-2017,Field Msr/Obs,Water,,11-01-2017 10:24:20 PM
HUIWAIOLA_WQX,RAB,Airport Beach,RAB170912TN,09-12-2017,Sample-Routine,Water,,11-01-2017 10:24:21 PM
HUIWAIOLA_WQX,RAB,Airport Beach,RAB170912TP,09-12-2017,Sample-Routine,Water,,11-01-2017 10:24:22 PM
HUIWAIOLA_WQX,RCB,Canoe Beach,RCB160614DO,06-14-2016,Field Msr/Obs,Water,,08-06-2017 7:32:00 PM
HUIWAIOLA_WQX,RCB,Canoe Beach,RCB160614DOp,06-14-2016,Field Msr/Obs,Water,,08-06-2017 7:32:00 PM
HUIWAIOLA_WQX,RCB,Canoe Beach,RCB160614NH4,06-14-2016,Sample-Routine,Water,,08-06-2017 7:32:04 PM
HUIWAIOLA_WQX,RCB,Canoe Beach,RCB160614NNN,06-14-2016,Sample-Routine,Water,,08-06-2017 7:32:04 PM
HUIWAIOLA_WQX,RCB,Canoe Beach,RCB160614pH,06-14-2016,Field Msr/Obs,Water,,08-06-2017 7:32:01 PM
HUIWAIOLA_WQX,RCB,Canoe Beach,RCB160614PO4,06-14-2016,Sample-Routine,Water,,08-06-2017 7:32:03 PM
HUIWAIOLA_WQX,RCB,Canoe Beach,RCB160614S,06-14-2016,Field Msr/Obs,Water,,08-06-2017 7:32:01 PM
HUIWAIOLA_WQX,RCB,Canoe Beach,RCB160614Si,06-14-2016,Sample-Routine,Water,,08-06-2017 7:32:03 PM
HUIWAIOLA_WQX,RCB,Canoe Beach,RCB160614T,06-14-2016,Field Msr/Obs,Water,,08-06-2017 7:32:00 PM
HUIWAIOLA_WQX,RCB,Canoe Beach,RCB160614TB,06-14-2016,Field Msr/Obs,Water,,08-06-2017 7:32:02 PM
HUIWAIOLA_WQX,RCB,Canoe Beach,RCB160614TN,06-14-2016,Sample-Routine,Water,,08-06-2017 7:32:02 PM
HUIWAIOLA_WQX,RCB,Canoe Beach,RCB160614TP,06-14-2016,Sample-Routine,Water,,08-06-2017 7:32:02 PM
HUIWAIOLA_WQX,RCB,Canoe Beach,RCB160628DO,06-28-2016,Field Msr/Obs,Water,,08-06-2017 7:32:04 PM
HUIWAIOLA_WQX,RCB,Canoe Beach,RCB160628DOp,06-28-2016,Field Msr/Obs,Water,,08-06-2017 7:32:04 PM
HUIWAIOLA_WQX,RCB,Canoe Beach,RCB160628NH4,06-28-2016,Sample-Routine,Water,,08-06-2017 7:32:06 PM
HUIWAIOLA_WQX,RCB,Canoe Beach,RCB160628NNN,06-28-2016,Sample-Routine,Water,,08-06-2017 7:32:06 PM
HUIWAIOLA_WQX,RCB,Canoe Beach,RCB160628pH,06-28-2016,Field Msr/Obs,Water,,08-06-2017 7:32:05 PM
HUIWAIOLA_WQX,RCB,Canoe Beach,RCB160628PO4,06-28-2016,Sample-Routine,Water,,08-06-2017 7:32:05 PM
HUIWAIOLA_WQX,RCB,Canoe Beach,RCB160628S,06-28-2016,Field Msr/Obs,Water,,08-06-2017 7:32:05 PM
HUIWAIOLA_WQX,RCB,Canoe Beach,RCB160628Si,06-28-2016,Sample-Routine,Water,,08-06-2017 7:32:06 PM
HUIWAIOLA_WQX,RCB,Canoe Beach,RCB160628T,06-28-2016,Field Msr/Obs,Water,,08-06-2017 7:32:04 PM
HUIWAIOLA_WQX,RCB,Canoe Beach,RCB160628TB,06-28-2016,Field Msr/Obs,Water,,08-06-2017 7:32:05 PM
HUIWAIOLA_WQX,RCB,Canoe Beach,RCB160628TN,06-28-2016,Sample-Routine,Water,,08-06-2017 7:32:05 PM
HUIWAIOLA_WQX,RCB,Canoe Beach,RCB160628TP,06-28-2016,Sample-Routine,Water,,08-06-2017 7:32:05 PM
HUIWAIOLA_WQX,RCB,Canoe Beach,RCB160712DO,07-12-2016,Field Msr/Obs,Water,,08-06-2017 7:32:06 PM
HUIWAIOLA_WQX,RCB,Canoe Beach,RCB160712DOp,07-12-2016,Field Msr/Obs,Water,,08-06-2017 7:32:07 PM
HUIWAIOLA_WQX,RCB,Canoe Beach,RCB160712NH4,07-12-2016,Sample-Routine,Water,,08-06-2017 7:32:11 PM
HUIWAIOLA_WQX,RCB,Canoe Beach,RCB160712NNN,07-12-2016,Sample-Routine,Water,,08-06-2017 7:32:11 PM
HUIWAIOLA_WQX,RCB,Canoe Beach,RCB160712pH,07-12-2016,Field Msr/Obs,Water,,08-06-2017 7:32:07 PM
HUIWAIOLA_WQX,RCB,Canoe Beach,RCB160712PO4,07-12-2016,Sample-Routine,Water,,08-06-2017 7:32:08 PM
HUIWAIOLA_WQX,RCB,Canoe Beach,RCB160712S,07-12-2016,Field Msr/Obs,Water,,08-06-2017 7:32:07 PM
HUIWAIOLA_WQX,RCB,Canoe Beach,RCB160712Si,07-12-2016,Sample-Routine,Water,,08-06-2017 7:32:09 PM
HUIWAIOLA_WQX,RCB,Canoe Beach,RCB160712T,07-12-2016,Field Msr/Obs,Water,,08-06-2017 7:32:06 PM
HUIWAIOLA_WQX,RCB,Canoe Beach,RCB160712TB,07-12-2016,Field Msr/Obs,Water,,08-06-2017 7:32:07 PM
HUIWAIOLA_WQX,RCB,Canoe Beach,RCB160712TN,07-12-2016,Sample-Routine,Water,,08-06-2017 7:32:07 PM
HUIWAIOLA_WQX,RCB,Canoe Beach,RCB160712TP,07-12-2016,Sample-Routine,Water,,08-06-2017 7:32:08 PM
HUIWAIOLA_WQX,RCB,Canoe Beach,RCB160726DO,07-26-2016,Field Msr/Obs,Water,,08-06-2017 7:32:12 PM
HUIWAIOLA_WQX,RCB,Canoe Beach,RCB160726DOp,07-26-2016,Field Msr/Obs,Water,,08-06-2017 7:32:12 PM
HUIWAIOLA_WQX,RCB,Canoe Beach,RCB160726NH4,07-26-2016,Sample-Routine,Water,,08-06-2017 7:32:15 PM
HUIWAIOLA_WQX,RCB,Canoe Beach,RCB160726NNN,07-26-2016,Sample-Routine,Water,,08-06-2017 7:32:15 PM
HUIWAIOLA_WQX,RCB,Canoe Beach,RCB160726pH,07-26-2016,Field Msr/Obs,Water,,08-06-2017 7:32:12 PM
HUIWAIOLA_WQX,RCB,Canoe Beach,RCB160726PO4,07-26-2016,Sample-Routine,Water,,08-06-2017 7:32:14 PM
HUIWAIOLA_WQX,RCB,Canoe Beach,RCB160726S,07-26-2016,Field Msr/Obs,Water,,08-06-2017 7:32:13 PM
HUIWAIOLA_WQX,RCB,Canoe Beach,RCB160726Si,07-26-2016,Sample-Routine,Water,,08-06-2017 7:32:14 PM
HUIWAIOLA_WQX,RCB,Canoe Beach,RCB160726T,07-26-2016,Field Msr/Obs,Water,,08-06-2017 7:32:11 PM
HUIWAIOLA_WQX,RCB,Canoe Beach,RCB160726TB,07-26-2016,Field Msr/Obs,Water,,08-06-2017 7:32:13 PM
HUIWAIOLA_WQX,RCB,Canoe Beach,RCB160726TN,07-26-2016,Sample-Routine,Water,,08-06-2017 7:32:14 PM
HUIWAIOLA_WQX,RCB,Canoe Beach,RCB160726TP,07-26-2016,Sample-Routine,Water,,08-06-2017 7:32:14 PM
HUIWAIOLA_WQX,RCB,Canoe Beach,RCB160809DO,08-09-2016,Field Msr/Obs,Water,,08-06-2017 7:32:15 PM
HUIWAIOLA_WQX,RCB,Canoe Beach,RCB160809DOp,08-09-2016,Field Msr/Obs,Water,,08-06-2017 7:32:16 PM
HUIWAIOLA_WQX,RCB,Canoe Beach,RCB160809NH4,08-09-2016,Sample-Routine,Water,,08-06-2017 7:32:17 PM
HUIWAIOLA_WQX,RCB,Canoe Beach,RCB160809NNN,08-09-2016,Sample-Routine,Water,,08-06-2017 7:32:17 PM
HUIWAIOLA_WQX,RCB,Canoe Beach,RCB160809pH,08-09-2016,Field Msr/Obs,Water,,08-06-2017 7:32:16 PM
HUIWAIOLA_WQX,RCB,Canoe Beach,RCB160809PO4,08-09-2016,Sample-Routine,Water,,08-06-2017 7:32:17 PM
HUIWAIOLA_WQX,RCB,Canoe Beach,RCB160809S,08-09-2016,Field Msr/Obs,Water,,08-06-2017 7:32:16 PM
HUIWAIOLA_WQX,RCB,Canoe Beach,RCB160809Si,08-09-2016,Sample-Routine,Water,,08-06-2017 7:32:17 PM
HUIWAIOLA_WQX,RCB,Canoe Beach,RCB160809T,08-09-2016,Field Msr/Obs,Water,,08-06-2017 7:32:15 PM
HUIWAIOLA_WQX,RCB,Canoe Beach,RCB160809TB,08-09-2016,Field Msr/Obs,Water,,08-06-2017 7:32:16 PM
HUIWAIOLA_WQX,RCB,Canoe Beach,RCB160809TN,08-09-2016,Sample-Routine,Water,,08-06-2017 7:32:16 PM
HUIWAIOLA_WQX,RCB,Canoe Beach,RCB160809TP,08-09-2016,Sample-Routine,Water,,08-06-2017 7:32:17 PM
HUIWAIOLA_WQX,RCB,Canoe Beach,RCB160823DO,08-23-2016,Field Msr/Obs,Water,,08-06-2017 7:32:18 PM
HUIWAIOLA_WQX,RCB,Canoe Beach,RCB160823DOp,08-23-2016,Field Msr/Obs,Water,,08-06-2017 7:32:18 PM
HUIWAIOLA_WQX,RCB,Canoe Beach,RCB160823NH4,08-23-2016,Sample-Routine,Water,,08-06-2017 7:32:21 PM
HUIWAIOLA_WQX,RCB,Canoe Beach,RCB160823NNN,08-23-2016,Sample-Routine,Water,,08-06-2017 7:32:21 PM
HUIWAIOLA_WQX,RCB,Canoe Beach,RCB160823pH,08-23-2016,Field Msr/Obs,Water,,08-06-2017 7:32:19 PM
HUIWAIOLA_WQX,RCB,Canoe Beach,RCB160823PO4,08-23-2016,Sample-Routine,Water,,08-06-2017 7:32:20 PM
HUIWAIOLA_WQX,RCB,Canoe Beach,RCB160823S,08-23-2016,Field Msr/Obs,Water,,08-06-2017 7:32:19 PM
HUIWAIOLA_WQX,RCB,Canoe Beach,RCB160823Si,08-23-2016,Sample-Routine,Water,,08-06-2017 7:32:20 PM
HUIWAIOLA_WQX,RCB,Canoe Beach,RCB160823T,08-23-2016,Field Msr/Obs,Water,,08-06-2017 7:32:18 PM
HUIWAIOLA_WQX,RCB,Canoe Beach,RCB160823TB,08-23-2016,Field Msr/Obs,Water,,08-06-2017 7:32:19 PM
HUIWAIOLA_WQX,RCB,Canoe Beach,RCB160823TN,08-23-2016,Sample-Routine,Water,,08-06-2017 7:32:19 PM
HUIWAIOLA_WQX,RCB,Canoe Beach,RCB160823TP,08-23-2016,Sample-Routine,Water,,08-06-2017 7:32:20 PM
HUIWAIOLA_WQX,RCB,Canoe Beach,RCB160906DO,09-06-2016,Field Msr/Obs,Water,,08-06-2017 7:32:21 PM
HUIWAIOLA_WQX,RCB,Canoe Beach,RCB160906DOp,09-06-2016,Field Msr/Obs,Water,,08-06-2017 7:32:21 PM
HUIWAIOLA_WQX,RCB,Canoe Beach,RCB160906NH4,09-06-2016,Sample-Routine,Water,,08-06-2017 7:32:23 PM
HUIWAIOLA_WQX,RCB,Canoe Beach,RCB160906NNN,09-06-2016,Sample-Routine,Water,,08-06-2017 7:32:23 PM
HUIWAIOLA_WQX,RCB,Canoe Beach,RCB160906pH,09-06-2016,Field Msr/Obs,Water,,08-06-2017 7:32:22 PM
HUIWAIOLA_WQX,RCB,Canoe Beach,RCB160906PO4,09-06-2016,Sample-Routine,Water,,08-06-2017 7:32:23 PM
HUIWAIOLA_WQX,RCB,Canoe Beach,RCB160906S,09-06-2016,Field Msr/Obs,Water,,08-06-2017 7:32:22 PM
HUIWAIOLA_WQX,RCB,Canoe Beach,RCB160906Si,09-06-2016,Sample-Routine,Water,,08-06-2017 7:32:23 PM
HUIWAIOLA_WQX,RCB,Canoe Beach,RCB160906T,09-06-2016,Field Msr/Obs,Water,,08-06-2017 7:32:21 PM
HUIWAIOLA_WQX,RCB,Canoe Beach,RCB160906TB,09-06-2016,Field Msr/Obs,Water,,08-06-2017 7:32:22 PM
HUIWAIOLA_WQX,RCB,Canoe Beach,RCB160906TN,09-06-2016,Sample-Routine,Water,,08-06-2017 7:32:22 PM
HUIWAIOLA_WQX,RCB,Canoe Beach,RCB160906TP,09-06-2016,Sample-Routine,Water,,08-06-2017 7:32:22 PM
HUIWAIOLA_WQX,RCB,Canoe Beach,RCB160920DO,09-20-2016,Field Msr/Obs,Water,,08-06-2017 7:32:24 PM
HUIWAIOLA_WQX,RCB,Canoe Beach,RCB160920DOp,09-20-2016,Field Msr/Obs,Water,,08-06-2017 7:32:24 PM
HUIWAIOLA_WQX,RCB,Canoe Beach,RCB160920NH4,09-20-2016,Sample-Routine,Water,,08-06-2017 7:32:26 PM
HUIWAIOLA_WQX,RCB,Canoe Beach,RCB160920NNN,09-20-2016,Sample-Routine,Water,,08-06-2017 7:32:25 PM
HUIWAIOLA_WQX,RCB,Canoe Beach,RCB160920pH,09-20-2016,Field Msr/Obs,Water,,08-06-2017 7:32:24 PM
HUIWAIOLA_WQX,RCB,Canoe Beach,RCB160920PO4,09-20-2016,Sample-Routine,Water,,08-06-2017 7:32:25 PM
HUIWAIOLA_WQX,RCB,Canoe Beach,RCB160920S,09-20-2016,Field Msr/Obs,Water,,08-06-2017 7:32:24 PM
HUIWAIOLA_WQX,RCB,Canoe Beach,RCB160920Si,09-20-2016,Sample-Routine,Water,,08-06-2017 7:32:25 PM
HUIWAIOLA_WQX,RCB,Canoe Beach,RCB160920T,09-20-2016,Field Msr/Obs,Water,,08-06-2017 7:32:23 PM
HUIWAIOLA_WQX,RCB,Canoe Beach,RCB160920TB,09-20-2016,Field Msr/Obs,Water,,08-06-2017 7:32:24 PM
HUIWAIOLA_WQX,RCB,Canoe Beach,RCB160920TN,09-20-2016,Sample-Routine,Water,,08-06-2017 7:32:25 PM
HUIWAIOLA_WQX,RCB,Canoe Beach,RCB160920TP,09-20-2016,Sample-Routine,Water,,08-06-2017 7:32:25 PM
HUIWAIOLA_WQX,RCB,Canoe Beach,RCB161004DO,10-04-2016,Field Msr/Obs,Water,,08-06-2017 7:32:26 PM
HUIWAIOLA_WQX,RCB,Canoe Beach,RCB161004DOp,10-04-2016,Field Msr/Obs,Water,,08-06-2017 7:32:27 PM
HUIWAIOLA_WQX,RCB,Canoe Beach,RCB161004NH4,10-04-2016,Sample-Routine,Water,,08-06-2017 7:32:29 PM
HUIWAIOLA_WQX,RCB,Canoe Beach,RCB161004NNN,10-04-2016,Sample-Routine,Water,,08-06-2017 7:32:29 PM
HUIWAIOLA_WQX,RCB,Canoe Beach,RCB161004pH,10-04-2016,Field Msr/Obs,Water,,08-06-2017 7:32:27 PM
HUIWAIOLA_WQX,RCB,Canoe Beach,RCB161004PO4,10-04-2016,Sample-Routine,Water,,08-06-2017 7:32:28 PM
HUIWAIOLA_WQX,RCB,Canoe Beach,RCB161004S,10-04-2016,Field Msr/Obs,Water,,08-06-2017 7:32:27 PM
HUIWAIOLA_WQX,RCB,Canoe Beach,RCB161004Si,10-04-2016,Sample-Routine,Water,,08-06-2017 7:32:28 PM
HUIWAIOLA_WQX,RCB,Canoe Beach,RCB161004T,10-04-2016,Field Msr/Obs,Water,,08-06-2017 7:32:26 PM
HUIWAIOLA_WQX,RCB,Canoe Beach,RCB161004TB,10-04-2016,Field Msr/Obs,Water,,08-06-2017 7:32:27 PM
HUIWAIOLA_WQX,RCB,Canoe Beach,RCB161004TN,10-04-2016,Sample-Routine,Water,,08-06-2017 7:32:28 PM
HUIWAIOLA_WQX,RCB,Canoe Beach,RCB161004TP,10-04-2016,Sample-Routine,Water,,08-06-2017 7:32:28 PM
HUIWAIOLA_WQX,RCB,Canoe Beach,RCB161018DO,10-18-2016,Field Msr/Obs,Water,,08-06-2017 7:32:29 PM
HUIWAIOLA_WQX,RCB,Canoe Beach,RCB161018DOp,10-18-2016,Field Msr/Obs,Water,,08-06-2017 7:32:30 PM
HUIWAIOLA_WQX,RCB,Canoe Beach,RCB161018NH4,10-18-2016,Sample-Routine,Water,,08-06-2017 7:32:32 PM
HUIWAIOLA_WQX,RCB,Canoe Beach,RCB161018NNN,10-18-2016,Sample-Routine,Water,,08-06-2017 7:32:31 PM
HUIWAIOLA_WQX,RCB,Canoe Beach,RCB161018pH,10-18-2016,Field Msr/Obs,Water,,08-06-2017 7:32:30 PM
HUIWAIOLA_WQX,RCB,Canoe Beach,RCB161018PO4,10-18-2016,Sample-Routine,Water,,08-06-2017 7:32:31 PM
HUIWAIOLA_WQX,RCB,Canoe Beach,RCB161018S,10-18-2016,Field Msr/Obs,Water,,08-06-2017 7:32:30 PM
HUIWAIOLA_WQX,RCB,Canoe Beach,RCB161018Si,10-18-2016,Sample-Routine,Water,,08-06-2017 7:32:31 PM
HUIWAIOLA_WQX,RCB,Canoe Beach,RCB161018T,10-18-2016,Field Msr/Obs,Water,,08-06-2017 7:32:29 PM
HUIWAIOLA_WQX,RCB,Canoe Beach,RCB161018TB,10-18-2016,Field Msr/Obs,Water,,08-06-2017 7:32:30 PM
HUIWAIOLA_WQX,RCB,Canoe Beach,RCB161018TN,10-18-2016,Sample-Routine,Water,,08-06-2017 7:32:30 PM
HUIWAIOLA_WQX,RCB,Canoe Beach,RCB161018TP,10-18-2016,Sample-Routine,Water,,08-06-2017 7:32:31 PM
HUIWAIOLA_WQX,RCB,Canoe Beach,RCB161101DO,11-01-2016,Field Msr/Obs,Water,,08-06-2017 7:32:32 PM
HUIWAIOLA_WQX,RCB,Canoe Beach,RCB161101DOp,11-01-2016,Field Msr/Obs,Water,,08-06-2017 7:32:32 PM
HUIWAIOLA_WQX,RCB,Canoe Beach,RCB161101NH4,11-01-2016,Sample-Routine,Water,,08-06-2017 7:32:34 PM
HUIWAIOLA_WQX,RCB,Canoe Beach,RCB161101NNN,11-01-2016,Sample-Routine,Water,,08-06-2017 7:32:34 PM
HUIWAIOLA_WQX,RCB,Canoe Beach,RCB161101pH,11-01-2016,Field Msr/Obs,Water,,08-06-2017 7:32:32 PM
HUIWAIOLA_WQX,RCB,Canoe Beach,RCB161101PO4,11-01-2016,Sample-Routine,Water,,08-06-2017 7:32:33 PM
HUIWAIOLA_WQX,RCB,Canoe Beach,RCB161101S,11-01-2016,Field Msr/Obs,Water,,08-06-2017 7:32:33 PM
HUIWAIOLA_WQX,RCB,Canoe Beach,RCB161101Si,11-01-2016,Sample-Routine,Water,,08-06-2017 7:32:34 PM
HUIWAIOLA_WQX,RCB,Canoe Beach,RCB161101T,11-01-2016,Field Msr/Obs,Water,,08-06-2017 7:32:32 PM
HUIWAIOLA_WQX,RCB,Canoe Beach,RCB161101TB,11-01-2016,Field Msr/Obs,Water,,08-06-2017 7:32:33 PM
HUIWAIOLA_WQX,RCB,Canoe Beach,RCB161101TN,11-01-2016,Sample-Routine,Water,,08-06-2017 7:32:33 PM
HUIWAIOLA_WQX,RCB,Canoe Beach,RCB161101TP,11-01-2016,Sample-Routine,Water,,08-06-2017 7:32:33 PM
HUIWAIOLA_WQX,RCB,Canoe Beach,RCB161115DO,11-15-2016,Field Msr/Obs,Water,,08-06-2017 7:32:35 PM
HUIWAIOLA_WQX,RCB,Canoe Beach,RCB161115DOp,11-15-2016,Field Msr/Obs,Water,,08-06-2017 7:32:36 PM
HUIWAIOLA_WQX,RCB,Canoe Beach,RCB161115NH4,11-15-2016,Sample-Routine,Water,,08-06-2017 7:32:38 PM
HUIWAIOLA_WQX,RCB,Canoe Beach,RCB161115NNN,11-15-2016,Sample-Routine,Water,,08-06-2017 7:32:38 PM
HUIWAIOLA_WQX,RCB,Canoe Beach,RCB161115pH,11-15-2016,Field Msr/Obs,Water,,08-06-2017 7:32:36 PM
HUIWAIOLA_WQX,RCB,Canoe Beach,RCB161115PO4,11-15-2016,Sample-Routine,Water,,08-06-2017 7:32:37 PM
HUIWAIOLA_WQX,RCB,Canoe Beach,RCB161115S,11-15-2016,Field Msr/Obs,Water,,08-06-2017 7:32:36 PM
HUIWAIOLA_WQX,RCB,Canoe Beach,RCB161115Si,11-15-2016,Sample-Routine,Water,,08-06-2017 7:32:38 PM
HUIWAIOLA_WQX,RCB,Canoe Beach,RCB161115T,11-15-2016,Field Msr/Obs,Water,,08-06-2017 7:32:35 PM
HUIWAIOLA_WQX,RCB,Canoe Beach,RCB161115TB,11-15-2016,Field Msr/Obs,Water,,08-06-2017 7:32:36 PM
HUIWAIOLA_WQX,RCB,Canoe Beach,RCB161115TN,11-15-2016,Sample-Routine,Water,,08-06-2017 7:32:37 PM
HUIWAIOLA_WQX,RCB,Canoe Beach,RCB161115TP,11-15-2016,Sample-Routine,Water,,08-06-2017 7:32:37 PM
HUIWAIOLA_WQX,RCB,Canoe Beach,RCB161129DO,11-29-2016,Field Msr/Obs,Water,,08-06-2017 7:32:39 PM
HUIWAIOLA_WQX,RCB,Canoe Beach,RCB161129DOp,11-29-2016,Field Msr/Obs,Water,,08-06-2017 7:32:39 PM
HUIWAIOLA_WQX,RCB,Canoe Beach,RCB161129NH4,11-29-2016,Sample-Routine,Water,,08-06-2017 7:32:41 PM
HUIWAIOLA_WQX,RCB,Canoe Beach,RCB161129NNN,11-29-2016,Sample-Routine,Water,,08-06-2017 7:32:41 PM
HUIWAIOLA_WQX,RCB,Canoe Beach,RCB161129pH,11-29-2016,Field Msr/Obs,Water,,08-06-2017 7:32:39 PM
HUIWAIOLA_WQX,RCB,Canoe Beach,RCB161129PO4,11-29-2016,Sample-Routine,Water,,08-06-2017 7:32:41 PM
HUIWAIOLA_WQX,RCB,Canoe Beach,RCB161129S,11-29-2016,Field Msr/Obs,Water,,08-06-2017 7:32:40 PM
HUIWAIOLA_WQX,RCB,Canoe Beach,RCB161129Si,11-29-2016,Sample-Routine,Water,,08-06-2017 7:32:41 PM
HUIWAIOLA_WQX,RCB,Canoe Beach,RCB161129T,11-29-2016,Field Msr/Obs,Water,,08-06-2017 7:32:39 PM
HUIWAIOLA_WQX,RCB,Canoe Beach,RCB161129TB,11-29-2016,Field Msr/Obs,Water,,08-06-2017 7:32:40 PM
HUIWAIOLA_WQX,RCB,Canoe Beach,RCB161129TN,11-29-2016,Sample-Routine,Water,,08-06-2017 7:32:40 PM
HUIWAIOLA_WQX,RCB,Canoe Beach,RCB161129TP,11-29-2016,Sample-Routine,Water,,08-06-2017 7:32:40 PM
HUIWAIOLA_WQX,RCB,Canoe Beach,RCB161213DO,12-13-2016,Field Msr/Obs,Water,,08-06-2017 7:32:42 PM
HUIWAIOLA_WQX,RCB,Canoe Beach,RCB161213DOp,12-13-2016,Field Msr/Obs,Water,,08-06-2017 7:32:42 PM
HUIWAIOLA_WQX,RCB,Canoe Beach,RCB161213NH4,12-13-2016,Sample-Routine,Water,,08-06-2017 7:32:44 PM
HUIWAIOLA_WQX,RCB,Canoe Beach,RCB161213NNN,12-13-2016,Sample-Routine,Water,,08-06-2017 7:32:44 PM
HUIWAIOLA_WQX,RCB,Canoe Beach,RCB161213pH,12-13-2016,Field Msr/Obs,Water,,08-06-2017 7:32:42 PM
HUIWAIOLA_WQX,RCB,Canoe Beach,RCB161213PO4,12-13-2016,Sample-Routine,Water,,08-06-2017 7:32:44 PM
HUIWAIOLA_WQX,RCB,Canoe Beach,RCB161213S,12-13-2016,Field Msr/Obs,Water,,08-06-2017 7:32:43 PM
HUIWAIOLA_WQX,RCB,Canoe Beach,RCB161213Si,12-13-2016,Sample-Routine,Water,,08-06-2017 7:32:44 PM
HUIWAIOLA_WQX,RCB,Canoe Beach,RCB161213T,12-13-2016,Field Msr/Obs,Water,,08-06-2017 7:32:42 PM
HUIWAIOLA_WQX,RCB,Canoe Beach,RCB161213TB,12-13-2016,Field Msr/Obs,Water,,08-06-2017 7:32:43 PM
HUIWAIOLA_WQX,RCB,Canoe Beach,RCB161213TN,12-13-2016,Sample-Routine,Water,,08-06-2017 7:32:43 PM
HUIWAIOLA_WQX,RCB,Canoe Beach,RCB161213TP,12-13-2016,Sample-Routine,Water,,08-06-2017 7:32:43 PM
HUIWAIOLA_WQX,RCB,Canoe Beach,RCB170103DO,01-03-2017,Field Msr/Obs,Water,,08-06-2017 7:32:45 PM
HUIWAIOLA_WQX,RCB,Canoe Beach,RCB170103DOp,01-03-2017,Field Msr/Obs,Water,,08-06-2017 7:32:45 PM
HUIWAIOLA_WQX,RCB,Canoe Beach,RCB170103NH4,01-03-2017,Sample-Routine,Water,,08-06-2017 7:32:47 PM
HUIWAIOLA_WQX,RCB,Canoe Beach,RCB170103NNN,01-03-2017,Sample-Routine,Water,,08-06-2017 7:32:46 PM
HUIWAIOLA_WQX,RCB,Canoe Beach,RCB170103PO4,01-03-2017,Sample-Routine,Water,,08-06-2017 7:32:46 PM
HUIWAIOLA_WQX,RCB,Canoe Beach,RCB170103S,01-03-2017,Field Msr/Obs,Water,,08-06-2017 7:32:45 PM
HUIWAIOLA_WQX,RCB,Canoe Beach,RCB170103Si,01-03-2017,Sample-Routine,Water,,08-06-2017 7:32:46 PM
HUIWAIOLA_WQX,RCB,Canoe Beach,RCB170103T,01-03-2017,Field Msr/Obs,Water,,08-06-2017 7:32:44 PM
HUIWAIOLA_WQX,RCB,Canoe Beach,RCB170103TB,01-03-2017,Field Msr/Obs,Water,,08-06-2017 7:32:45 PM
HUIWAIOLA_WQX,RCB,Canoe Beach,RCB170103TN,01-03-2017,Sample-Routine,Water,,08-06-2017 7:32:45 PM
HUIWAIOLA_WQX,RCB,Canoe Beach,RCB170103TP,01-03-2017,Sample-Routine,Water,,08-06-2017 7:32:46 PM
HUIWAIOLA_WQX,RCB,Canoe Beach,RCB170124DO,01-24-2017,Field Msr/Obs,Water,,08-06-2017 7:32:47 PM
HUIWAIOLA_WQX,RCB,Canoe Beach,RCB170124DOp,01-24-2017,Field Msr/Obs,Water,,08-06-2017 7:32:47 PM
HUIWAIOLA_WQX,RCB,Canoe Beach,RCB170124NH4,01-24-2017,Sample-Routine,Water,,08-06-2017 7:32:49 PM
HUIWAIOLA_WQX,RCB,Canoe Beach,RCB170124NNN,01-24-2017,Sample-Routine,Water,,08-06-2017 7:32:49 PM
HUIWAIOLA_WQX,RCB,Canoe Beach,RCB170124pH,01-24-2017,Field Msr/Obs,Water,,08-06-2017 7:32:48 PM
HUIWAIOLA_WQX,RCB,Canoe Beach,RCB170124PO4,01-24-2017,Sample-Routine,Water,,08-06-2017 7:32:49 PM
HUIWAIOLA_WQX,RCB,Canoe Beach,RCB170124Si,01-24-2017,Sample-Routine,Water,,08-06-2017 7:32:49 PM
HUIWAIOLA_WQX,RCB,Canoe Beach,RCB170124T,01-24-2017,Field Msr/Obs,Water,,08-06-2017 7:32:47 PM
HUIWAIOLA_WQX,RCB,Canoe Beach,RCB170124TB,01-24-2017,Field Msr/Obs,Water,,08-06-2017 7:32:48 PM
HUIWAIOLA_WQX,RCB,Canoe Beach,RCB170124TN,01-24-2017,Sample-Routine,Water,,08-06-2017 7:32:48 PM
HUIWAIOLA_WQX,RCB,Canoe Beach,RCB170124TP,01-24-2017,Sample-Routine,Water,,08-06-2017 7:32:49 PM
HUIWAIOLA_WQX,RCB,Canoe Beach,RCB170214DO,02-14-2017,Field Msr/Obs,Water,,08-06-2017 7:32:50 PM
HUIWAIOLA_WQX,RCB,Canoe Beach,RCB170214DOp,02-14-2017,Field Msr/Obs,Water,,08-06-2017 7:32:50 PM
HUIWAIOLA_WQX,RCB,Canoe Beach,RCB170214NH4,02-14-2017,Sample-Routine,Water,,08-06-2017 7:32:52 PM
HUIWAIOLA_WQX,RCB,Canoe Beach,RCB170214NNN,02-14-2017,Sample-Routine,Water,,08-06-2017 7:32:52 PM
HUIWAIOLA_WQX,RCB,Canoe Beach,RCB170214pH,02-14-2017,Field Msr/Obs,Water,,08-06-2017 7:32:50 PM
HUIWAIOLA_WQX,RCB,Canoe Beach,RCB170214PO4,02-14-2017,Sample-Routine,Water,,08-06-2017 7:32:51 PM
HUIWAIOLA_WQX,RCB,Canoe Beach,RCB170214S,02-14-2017,Field Msr/Obs,Water,,08-06-2017 7:32:50 PM
HUIWAIOLA_WQX,RCB,Canoe Beach,RCB170214Si,02-14-2017,Sample-Routine,Water,,08-06-2017 7:32:52 PM
HUIWAIOLA_WQX,RCB,Canoe Beach,RCB170214T,02-14-2017,Field Msr/Obs,Water,,08-06-2017 7:32:50 PM
HUIWAIOLA_WQX,RCB,Canoe Beach,RCB170214TB,02-14-2017,Field Msr/Obs,Water,,08-06-2017 7:32:51 PM
HUIWAIOLA_WQX,RCB,Canoe Beach,RCB170214TN,02-14-2017,Sample-Routine,Water,,08-06-2017 7:32:51 PM
HUIWAIOLA_WQX,RCB,Canoe Beach,RCB170214TP,02-14-2017,Sample-Routine,Water,,08-06-2017 7:32:51 PM
HUIWAIOLA_WQX,RCB,Canoe Beach,RCB170307DO,03-07-2017,Field Msr/Obs,Water,,08-06-2017 7:32:53 PM
HUIWAIOLA_WQX,RCB,Canoe Beach,RCB170307DOp,03-07-2017,Field Msr/Obs,Water,,08-06-2017 7:32:53 PM
HUIWAIOLA_WQX,RCB,Canoe Beach,RCB170307NH4,03-07-2017,Sample-Routine,Water,,08-06-2017 7:32:55 PM
HUIWAIOLA_WQX,RCB,Canoe Beach,RCB170307NNN,03-07-2017,Sample-Routine,Water,,08-06-2017 7:32:55 PM
HUIWAIOLA_WQX,RCB,Canoe Beach,RCB170307pH,03-07-2017,Field Msr/Obs,Water,,08-06-2017 7:32:53 PM
HUIWAIOLA_WQX,RCB,Canoe Beach,RCB170307PO4,03-07-2017,Sample-Routine,Water,,08-06-2017 7:32:54 PM
HUIWAIOLA_WQX,RCB,Canoe Beach,RCB170307S,03-07-2017,Field Msr/Obs,Water,,08-06-2017 7:32:53 PM
HUIWAIOLA_WQX,RCB,Canoe Beach,RCB170307Si,03-07-2017,Sample-Routine,Water,,08-06-2017 7:32:54 PM
HUIWAIOLA_WQX,RCB,Canoe Beach,RCB170307T,03-07-2017,Field Msr/Obs,Water,,08-06-2017 7:32:52 PM
HUIWAIOLA_WQX,RCB,Canoe Beach,RCB170307TB,03-07-2017,Field Msr/Obs,Water,,08-06-2017 7:32:54 PM
HUIWAIOLA_WQX,RCB,Canoe Beach,RCB170307TN,03-07-2017,Sample-Routine,Water,,08-06-2017 7:32:54 PM
HUIWAIOLA_WQX,RCB,Canoe Beach,RCB170307TP,03-07-2017,Sample-Routine,Water,,08-06-2017 7:32:54 PM
HUIWAIOLA_WQX,RCB,Canoe Beach,RCB170328,03-28-2017,Field Msr/Obs,Water,,05-23-2017 2:21:42 AM
HUIWAIOLA_WQX,RCB,Canoe Beach,RCB170328-N-1NH4,03-28-2017,Sample-Routine,Water,,05-23-2017 2:21:56 AM
HUIWAIOLA_WQX,RCB,Canoe Beach,RCB170328-N-1NN,03-28-2017,Sample-Routine,Water,,05-23-2017 2:21:53 AM
HUIWAIOLA_WQX,RCB,Canoe Beach,RCB170328-N-1P,03-28-2017,Sample-Routine,Water,,05-23-2017 2:21:51 AM
HUIWAIOLA_WQX,RCB,Canoe Beach,RCB170328-N-1Si,03-28-2017,Sample-Routine,Water,,05-23-2017 2:21:53 AM
HUIWAIOLA_WQX,RCB,Canoe Beach,RCB170328-N-1TN,03-28-2017,Sample-Routine,Water,,05-23-2017 2:21:48 AM
HUIWAIOLA_WQX,RCB,Canoe Beach,RCB170328-N-1TP,03-28-2017,Sample-Routine,Water,,05-23-2017 2:21:50 AM
HUIWAIOLA_WQX,RCB,Canoe Beach,RCB170328DO,03-28-2017,Field Msr/Obs,Water,,08-06-2017 7:32:55 PM
HUIWAIOLA_WQX,RCB,Canoe Beach,RCB170328DOp,03-28-2017,Field Msr/Obs,Water,,08-06-2017 7:32:55 PM
HUIWAIOLA_WQX,RCB,Canoe Beach,RCB170328NH4,03-28-2017,Sample-Routine,Water,,08-06-2017 7:32:58 PM
HUIWAIOLA_WQX,RCB,Canoe Beach,RCB170328NNN,03-28-2017,Sample-Routine,Water,,08-06-2017 7:32:57 PM
HUIWAIOLA_WQX,RCB,Canoe Beach,RCB170328pH,03-28-2017,Field Msr/Obs,Water,,08-06-2017 7:32:56 PM
HUIWAIOLA_WQX,RCB,Canoe Beach,RCB170328PO4,03-28-2017,Sample-Routine,Water,,08-06-2017 7:32:57 PM
HUIWAIOLA_WQX,RCB,Canoe Beach,RCB170328S,03-28-2017,Field Msr/Obs,Water,,08-06-2017 7:32:56 PM
HUIWAIOLA_WQX,RCB,Canoe Beach,RCB170328Si,03-28-2017,Sample-Routine,Water,,08-06-2017 7:32:57 PM
HUIWAIOLA_WQX,RCB,Canoe Beach,RCB170328T,03-28-2017,Field Msr/Obs,Water,,08-06-2017 7:32:55 PM
HUIWAIOLA_WQX,RCB,Canoe Beach,RCB170328TB,03-28-2017,Field Msr/Obs,Water,,08-06-2017 7:32:56 PM
HUIWAIOLA_WQX,RCB,Canoe Beach,RCB170328TN,03-28-2017,Sample-Routine,Water,,08-06-2017 7:32:56 PM
HUIWAIOLA_WQX,RCB,Canoe Beach,RCB170328TP,03-28-2017,Sample-Routine,Water,,08-06-2017 7:32:56 PM
HUIWAIOLA_WQX,RCB,Canoe Beach,RCB170328Turb,03-28-2017,Field Msr/Obs,Water,,05-23-2017 2:21:47 AM
HUIWAIOLA_WQX,RCB,Canoe Beach,RCB170418DO,04-18-2017,Field Msr/Obs,Water,,08-06-2017 7:32:58 PM
HUIWAIOLA_WQX,RCB,Canoe Beach,RCB170418DOp,04-18-2017,Field Msr/Obs,Water,,08-06-2017 7:32:58 PM
HUIWAIOLA_WQX,RCB,Canoe Beach,RCB170418NH4,04-18-2017,Sample-Routine,Water,,08-06-2017 7:33:00 PM
HUIWAIOLA_WQX,RCB,Canoe Beach,RCB170418NNN,04-18-2017,Sample-Routine,Water,,08-06-2017 7:33:00 PM
HUIWAIOLA_WQX,RCB,Canoe Beach,RCB170418pH,04-18-2017,Field Msr/Obs,Water,,08-06-2017 7:32:59 PM
HUIWAIOLA_WQX,RCB,Canoe Beach,RCB170418PO4,04-18-2017,Sample-Routine,Water,,08-06-2017 7:32:59 PM
HUIWAIOLA_WQX,RCB,Canoe Beach,RCB170418S,04-18-2017,Field Msr/Obs,Water,,08-06-2017 7:32:59 PM
HUIWAIOLA_WQX,RCB,Canoe Beach,RCB170418Si,04-18-2017,Sample-Routine,Water,,08-06-2017 7:33:00 PM
HUIWAIOLA_WQX,RCB,Canoe Beach,RCB170418T,04-18-2017,Field Msr/Obs,Water,,08-06-2017 7:32:58 PM
HUIWAIOLA_WQX,RCB,Canoe Beach,RCB170418TB,04-18-2017,Field Msr/Obs,Water,,08-06-2017 7:32:59 PM
HUIWAIOLA_WQX,RCB,Canoe Beach,RCB170418TN,04-18-2017,Sample-Routine,Water,,08-06-2017 7:32:59 PM
HUIWAIOLA_WQX,RCB,Canoe Beach,RCB170418TP,04-18-2017,Sample-Routine,Water,,08-06-2017 7:32:59 PM
HUIWAIOLA_WQX,RCB,Canoe Beach,RCB170509DO,05-09-2017,Field Msr/Obs,Water,,08-06-2017 7:33:01 PM
HUIWAIOLA_WQX,RCB,Canoe Beach,RCB170509DOp,05-09-2017,Field Msr/Obs,Water,,08-06-2017 7:33:01 PM
HUIWAIOLA_WQX,RCB,Canoe Beach,RCB170509NH4,05-09-2017,Sample-Routine,Water,,08-06-2017 7:33:03 PM
HUIWAIOLA_WQX,RCB,Canoe Beach,RCB170509NNN,05-09-2017,Sample-Routine,Water,,08-06-2017 7:33:03 PM
HUIWAIOLA_WQX,RCB,Canoe Beach,RCB170509pH,05-09-2017,Field Msr/Obs,Water,,08-06-2017 7:33:01 PM
HUIWAIOLA_WQX,RCB,Canoe Beach,RCB170509PO4,05-09-2017,Sample-Routine,Water,,08-06-2017 7:33:02 PM
HUIWAIOLA_WQX,RCB,Canoe Beach,RCB170509S,05-09-2017,Field Msr/Obs,Water,,08-06-2017 7:33:01 PM
HUIWAIOLA_WQX,RCB,Canoe Beach,RCB170509Si,05-09-2017,Sample-Routine,Water,,08-06-2017 7:33:02 PM
HUIWAIOLA_WQX,RCB,Canoe Beach,RCB170509T,05-09-2017,Field Msr/Obs,Water,,08-06-2017 7:33:01 PM
HUIWAIOLA_WQX,RCB,Canoe Beach,RCB170509TB,05-09-2017,Field Msr/Obs,Water,,08-06-2017 7:33:02 PM
HUIWAIOLA_WQX,RCB,Canoe Beach,RCB170509TN,05-09-2017,Sample-Routine,Water,,08-06-2017 7:33:02 PM
HUIWAIOLA_WQX,RCB,Canoe Beach,RCB170509TP,05-09-2017,Sample-Routine,Water,,08-06-2017 7:33:02 PM
HUIWAIOLA_WQX,RCB,Canoe Beach,RCB170530DO,05-30-2017,Field Msr/Obs,Water,,08-06-2017 7:33:04 PM
HUIWAIOLA_WQX,RCB,Canoe Beach,RCB170530DOp,05-30-2017,Field Msr/Obs,Water,,08-06-2017 7:33:04 PM
HUIWAIOLA_WQX,RCB,Canoe Beach,RCB170530NH4,05-30-2017,Sample-Routine,Water,,08-06-2017 7:33:06 PM
HUIWAIOLA_WQX,RCB,Canoe Beach,RCB170530NNN,05-30-2017,Sample-Routine,Water,,08-06-2017 7:33:06 PM
HUIWAIOLA_WQX,RCB,Canoe Beach,RCB170530pH,05-30-2017,Field Msr/Obs,Water,,08-06-2017 7:33:04 PM
HUIWAIOLA_WQX,RCB,Canoe Beach,RCB170530PO4,05-30-2017,Sample-Routine,Water,,08-06-2017 7:33:05 PM
HUIWAIOLA_WQX,RCB,Canoe Beach,RCB170530S,05-30-2017,Field Msr/Obs,Water,,08-06-2017 7:33:04 PM
HUIWAIOLA_WQX,RCB,Canoe Beach,RCB170530Si,05-30-2017,Sample-Routine,Water,,08-06-2017 7:33:06 PM
HUIWAIOLA_WQX,RCB,Canoe Beach,RCB170530T,05-30-2017,Field Msr/Obs,Water,,08-06-2017 7:33:03 PM
HUIWAIOLA_WQX,RCB,Canoe Beach,RCB170530TB,05-30-2017,Field Msr/Obs,Water,,08-06-2017 7:33:05 PM
HUIWAIOLA_WQX,RCB,Canoe Beach,RCB170530TN,05-30-2017,Sample-Routine,Water,,08-06-2017 7:33:05 PM
HUIWAIOLA_WQX,RCB,Canoe Beach,RCB170530TP,05-30-2017,Sample-Routine,Water,,08-06-2017 7:33:05 PM
HUIWAIOLA_WQX,RCB,Canoe Beach,RCB170912DO,09-12-2017,Field Msr/Obs,Water,,11-01-2017 10:24:18 PM
HUIWAIOLA_WQX,RCB,Canoe Beach,RCB170912DOp,09-12-2017,Field Msr/Obs,Water,,11-01-2017 10:24:18 PM
HUIWAIOLA_WQX,RCB,Canoe Beach,RCB170912NH4,09-12-2017,Sample-Routine,Water,,11-01-2017 10:24:23 PM
HUIWAIOLA_WQX,RCB,Canoe Beach,RCB170912NNN,09-12-2017,Sample-Routine,Water,,11-01-2017 10:24:23 PM
HUIWAIOLA_WQX,RCB,Canoe Beach,RCB170912pH,09-12-2017,Field Msr/Obs,Water,,11-01-2017 10:24:19 PM
HUIWAIOLA_WQX,RCB,Canoe Beach,RCB170912PO4,09-12-2017,Sample-Routine,Water,,11-01-2017 10:24:22 PM
HUIWAIOLA_WQX,RCB,Canoe Beach,RCB170912S,09-12-2017,Field Msr/Obs,Water,,11-01-2017 10:24:20 PM
HUIWAIOLA_WQX,RCB,Canoe Beach,RCB170912Si,09-12-2017,Sample-Routine,Water,,11-01-2017 10:24:23 PM
HUIWAIOLA_WQX,RCB,Canoe Beach,RCB170912T,09-12-2017,Field Msr/Obs,Water,,11-01-2017 10:24:17 PM
HUIWAIOLA_WQX,RCB,Canoe Beach,RCB170912TB,09-12-2017,Field Msr/Obs,Water,,11-01-2017 10:24:20 PM
HUIWAIOLA_WQX,RCB,Canoe Beach,RCB170912TN,09-12-2017,Sample-Routine,Water,,11-01-2017 10:24:21 PM
HUIWAIOLA_WQX,RCB,Canoe Beach,RCB170912TP,09-12-2017,Sample-Routine,Water,,11-01-2017 10:24:22 PM
HUIWAIOLA_WQX,RFN,FlemingNorth DT beach park,RFN170915DO,09-15-2017,Field Msr/Obs,Water,,11-01-2017 10:24:18 PM
HUIWAIOLA_WQX,RFN,FlemingNorth DT beach park,RFN170915DOp,09-15-2017,Field Msr/Obs,Water,,11-01-2017 10:24:19 PM
HUIWAIOLA_WQX,RFN,FlemingNorth DT beach park,RFN170915NH4,09-15-2017,Sample-Routine,Water,,11-01-2017 10:24:24 PM
HUIWAIOLA_WQX,RFN,FlemingNorth DT beach park,RFN170915NNN,09-15-2017,Sample-Routine,Water,,11-01-2017 10:24:23 PM
HUIWAIOLA_WQX,RFN,FlemingNorth DT beach park,RFN170915pH,09-15-2017,Field Msr/Obs,Water,,11-01-2017 10:24:19 PM
HUIWAIOLA_WQX,RFN,FlemingNorth DT beach park,RFN170915PO4,09-15-2017,Sample-Routine,Water,,11-01-2017 10:24:22 PM
HUIWAIOLA_WQX,RFN,FlemingNorth DT beach park,RFN170915S,09-15-2017,Field Msr/Obs,Water,,11-01-2017 10:24:20 PM
HUIWAIOLA_WQX,RFN,FlemingNorth DT beach park,RFN170915Si,09-15-2017,Sample-Routine,Water,,11-01-2017 10:24:23 PM
HUIWAIOLA_WQX,RFN,FlemingNorth DT beach park,RFN170915T,09-15-2017,Field Msr/Obs,Water,,11-01-2017 10:24:17 PM
HUIWAIOLA_WQX,RFN,FlemingNorth DT beach park,RFN170915TB,09-15-2017,Field Msr/Obs,Water,,11-01-2017 10:24:21 PM
HUIWAIOLA_WQX,RFN,FlemingNorth DT beach park,RFN170915TN,09-15-2017,Sample-Routine,Water,,11-01-2017 10:24:21 PM
HUIWAIOLA_WQX,RFN,FlemingNorth DT beach park,RFN170915TP,09-15-2017,Sample-Routine,Water,,11-01-2017 10:24:22 PM